state,tag,type,rationale
330,PRC,claim,Outer Mongolia: Qing territory until 1911 and claimed by the ROC until 1945; Chinese nationalist claim
817,PRC,claim,Outer Mongolia: Qing territory until 1911 and claimed by the ROC until 1945; Chinese nationalist claim
818,PRC,claim,Outer Mongolia: Qing territory until 1911 and claimed by the ROC until 1945; Chinese nationalist claim
819,PRC,claim,Outer Mongolia: Qing territory until 1911 and claimed by the ROC until 1945; Chinese nationalist claim
820,PRC,claim,Outer Mongolia: Qing territory until 1911 and claimed by the ROC until 1945; Chinese nationalist claim
329,PRC,claim,"Tannu Uriankhai: Qing territory until 1911, annexed by the USSR in 1944; shown as Chinese on ROC-era maps"
408,PRC,claim,Outer Manchuria: Qing land ceded to Russia by the treaties of Aigun (1858) and Peking (1860); Chinese nationalist claim to lands lost under the unequal treaties
409,PRC,claim,Outer Manchuria: Qing land ceded to Russia by the treaties of Aigun (1858) and Peking (1860); Chinese nationalist claim to lands lost under the unequal treaties
657,PRC,claim,Outer Manchuria: Qing land ceded to Russia by the treaties of Aigun (1858) and Peking (1860); Chinese nationalist claim to lands lost under the unequal treaties
560,PRC,claim,Outer Manchuria: Qing land ceded to Russia by the treaties of Aigun (1858) and Peking (1860); Chinese nationalist claim to lands lost under the unequal treaties
561,PRC,claim,Outer Manchuria: Qing land ceded to Russia by the treaties of Aigun (1858) and Peking (1860); Chinese nationalist claim to lands lost under the unequal treaties
742,PRC,claim,"Pamirs: China claimed ~28,000 km2 of Gorno-Badakhshan until the 2002/2011 border settlements (live dispute in 2000)"
283,TAW,claim,ROC constitution claims all of mainland China; Taipei had not renounced sovereignty over the mainland in 2000
287,TAW,claim,ROC constitution claims all of mainland China; Taipei had not renounced sovereignty over the mainland in 2000
322,TAW,claim,ROC constitution claims all of mainland China; Taipei had not renounced sovereignty over the mainland in 2000
325,TAW,claim,ROC constitution claims all of mainland China; Taipei had not renounced sovereignty over the mainland in 2000
326,TAW,claim,ROC constitution claims all of mainland China; Taipei had not renounced sovereignty over the mainland in 2000
328,TAW,claim,ROC constitution claims all of mainland China; Taipei had not renounced sovereignty over the mainland in 2000
591,TAW,claim,ROC constitution claims all of mainland China; Taipei had not renounced sovereignty over the mainland in 2000
592,TAW,claim,ROC constitution claims all of mainland China; Taipei had not renounced sovereignty over the mainland in 2000
593,TAW,claim,ROC constitution claims all of mainland China; Taipei had not renounced sovereignty over the mainland in 2000
594,TAW,claim,ROC constitution claims all of mainland China; Taipei had not renounced sovereignty over the mainland in 2000
595,TAW,claim,ROC constitution claims all of mainland China; Taipei had not renounced sovereignty over the mainland in 2000
596,TAW,claim,ROC constitution claims all of mainland China; Taipei had not renounced sovereignty over the mainland in 2000
597,TAW,claim,ROC constitution claims all of mainland China; Taipei had not renounced sovereignty over the mainland in 2000
598,TAW,claim,ROC constitution claims all of mainland China; Taipei had not renounced sovereignty over the mainland in 2000
599,TAW,claim,ROC constitution claims all of mainland China; Taipei had not renounced sovereignty over the mainland in 2000
600,TAW,claim,ROC constitution claims all of mainland China; Taipei had not renounced sovereignty over the mainland in 2000
601,TAW,claim,ROC constitution claims all of mainland China; Taipei had not renounced sovereignty over the mainland in 2000
602,TAW,claim,ROC constitution claims all of mainland China; Taipei had not renounced sovereignty over the mainland in 2000
603,TAW,claim,ROC constitution claims all of mainland China; Taipei had not renounced sovereignty over the mainland in 2000
604,TAW,claim,ROC constitution claims all of mainland China; Taipei had not renounced sovereignty over the mainland in 2000
605,TAW,claim,ROC constitution claims all of mainland China; Taipei had not renounced sovereignty over the mainland in 2000
606,TAW,claim,ROC constitution claims all of mainland China; Taipei had not renounced sovereignty over the mainland in 2000
607,TAW,claim,ROC constitution claims all of mainland China; Taipei had not renounced sovereignty over the mainland in 2000
608,TAW,claim,ROC constitution claims all of mainland China; Taipei had not renounced sovereignty over the mainland in 2000
609,TAW,claim,ROC constitution claims all of mainland China; Taipei had not renounced sovereignty over the mainland in 2000
610,TAW,claim,ROC constitution claims all of mainland China; Taipei had not renounced sovereignty over the mainland in 2000
611,TAW,claim,ROC constitution claims all of mainland China; Taipei had not renounced sovereignty over the mainland in 2000
612,TAW,claim,ROC constitution claims all of mainland China; Taipei had not renounced sovereignty over the mainland in 2000
613,TAW,claim,ROC constitution claims all of mainland China; Taipei had not renounced sovereignty over the mainland in 2000
614,TAW,claim,ROC constitution claims all of mainland China; Taipei had not renounced sovereignty over the mainland in 2000
615,TAW,claim,ROC constitution claims all of mainland China; Taipei had not renounced sovereignty over the mainland in 2000
616,TAW,claim,ROC constitution claims all of mainland China; Taipei had not renounced sovereignty over the mainland in 2000
617,TAW,claim,ROC constitution claims all of mainland China; Taipei had not renounced sovereignty over the mainland in 2000
618,TAW,claim,ROC constitution claims all of mainland China; Taipei had not renounced sovereignty over the mainland in 2000
619,TAW,claim,ROC constitution claims all of mainland China; Taipei had not renounced sovereignty over the mainland in 2000
620,TAW,claim,ROC constitution claims all of mainland China; Taipei had not renounced sovereignty over the mainland in 2000
621,TAW,claim,ROC constitution claims all of mainland China; Taipei had not renounced sovereignty over the mainland in 2000
622,TAW,claim,ROC constitution claims all of mainland China; Taipei had not renounced sovereignty over the mainland in 2000
714,TAW,claim,ROC constitution claims all of mainland China; Taipei had not renounced sovereignty over the mainland in 2000
715,TAW,claim,ROC constitution claims all of mainland China; Taipei had not renounced sovereignty over the mainland in 2000
716,TAW,claim,ROC constitution claims all of mainland China; Taipei had not renounced sovereignty over the mainland in 2000
717,TAW,claim,ROC constitution claims all of mainland China; Taipei had not renounced sovereignty over the mainland in 2000
728,TAW,claim,ROC constitution claims all of mainland China; Taipei had not renounced sovereignty over the mainland in 2000
729,TAW,claim,ROC constitution claims all of mainland China; Taipei had not renounced sovereignty over the mainland in 2000
743,TAW,claim,ROC constitution claims all of mainland China; Taipei had not renounced sovereignty over the mainland in 2000
744,TAW,claim,ROC constitution claims all of mainland China; Taipei had not renounced sovereignty over the mainland in 2000
745,TAW,claim,ROC constitution claims all of mainland China; Taipei had not renounced sovereignty over the mainland in 2000
746,TAW,claim,ROC constitution claims all of mainland China; Taipei had not renounced sovereignty over the mainland in 2000
747,TAW,claim,ROC constitution claims all of mainland China; Taipei had not renounced sovereignty over the mainland in 2000
748,TAW,claim,ROC constitution claims all of mainland China; Taipei had not renounced sovereignty over the mainland in 2000
749,TAW,claim,ROC constitution claims all of mainland China; Taipei had not renounced sovereignty over the mainland in 2000
750,TAW,claim,ROC constitution claims all of mainland China; Taipei had not renounced sovereignty over the mainland in 2000
751,TAW,claim,ROC constitution claims all of mainland China; Taipei had not renounced sovereignty over the mainland in 2000
752,TAW,claim,ROC constitution claims all of mainland China; Taipei had not renounced sovereignty over the mainland in 2000
753,TAW,claim,ROC constitution claims all of mainland China; Taipei had not renounced sovereignty over the mainland in 2000
754,TAW,claim,ROC constitution claims all of mainland China; Taipei had not renounced sovereignty over the mainland in 2000
755,TAW,claim,ROC constitution claims all of mainland China; Taipei had not renounced sovereignty over the mainland in 2000
756,TAW,claim,ROC constitution claims all of mainland China; Taipei had not renounced sovereignty over the mainland in 2000
757,TAW,claim,ROC constitution claims all of mainland China; Taipei had not renounced sovereignty over the mainland in 2000
758,TAW,claim,ROC constitution claims all of mainland China; Taipei had not renounced sovereignty over the mainland in 2000
759,TAW,claim,ROC constitution claims all of mainland China; Taipei had not renounced sovereignty over the mainland in 2000
760,TAW,claim,ROC constitution claims all of mainland China; Taipei had not renounced sovereignty over the mainland in 2000
761,TAW,claim,ROC constitution claims all of mainland China; Taipei had not renounced sovereignty over the mainland in 2000
1032,TAW,claim,ROC constitution claims all of mainland China; Taipei had not renounced sovereignty over the mainland in 2000
1033,TAW,claim,ROC constitution claims all of mainland China; Taipei had not renounced sovereignty over the mainland in 2000
1034,TAW,claim,ROC constitution claims all of mainland China; Taipei had not renounced sovereignty over the mainland in 2000
1035,TAW,claim,ROC constitution claims all of mainland China; Taipei had not renounced sovereignty over the mainland in 2000
1036,TAW,claim,ROC constitution claims all of mainland China; Taipei had not renounced sovereignty over the mainland in 2000
1037,TAW,claim,ROC constitution claims all of mainland China; Taipei had not renounced sovereignty over the mainland in 2000
1038,TAW,claim,ROC constitution claims all of mainland China; Taipei had not renounced sovereignty over the mainland in 2000
1039,TAW,claim,ROC constitution claims all of mainland China; Taipei had not renounced sovereignty over the mainland in 2000
1040,TAW,claim,ROC constitution claims all of mainland China; Taipei had not renounced sovereignty over the mainland in 2000
1041,TAW,claim,ROC constitution claims all of mainland China; Taipei had not renounced sovereignty over the mainland in 2000
1042,TAW,claim,ROC constitution claims all of mainland China; Taipei had not renounced sovereignty over the mainland in 2000
1043,TAW,claim,ROC constitution claims all of mainland China; Taipei had not renounced sovereignty over the mainland in 2000
1044,TAW,claim,ROC constitution claims all of mainland China; Taipei had not renounced sovereignty over the mainland in 2000
1045,TAW,claim,ROC constitution claims all of mainland China; Taipei had not renounced sovereignty over the mainland in 2000
1046,TAW,claim,ROC constitution claims all of mainland China; Taipei had not renounced sovereignty over the mainland in 2000
1086,TAW,claim,ROC constitution claims all of mainland China; Taipei had not renounced sovereignty over the mainland in 2000
330,TAW,claim,Outer Mongolia: the ROC revoked recognition of Mongolian independence in 1953 and still showed it on official maps in 2000
817,TAW,claim,Outer Mongolia: the ROC revoked recognition of Mongolian independence in 1953 and still showed it on official maps in 2000
818,TAW,claim,Outer Mongolia: the ROC revoked recognition of Mongolian independence in 1953 and still showed it on official maps in 2000
819,TAW,claim,Outer Mongolia: the ROC revoked recognition of Mongolian independence in 1953 and still showed it on official maps in 2000
820,TAW,claim,Outer Mongolia: the ROC revoked recognition of Mongolian independence in 1953 and still showed it on official maps in 2000
329,TAW,claim,Tannu Uriankhai: shown as ROC territory on official Republic of China maps
434,TAW,claim,South Tibet: the ROC never recognised the McMahon Line
537,JAP,claim,Karafuto: Japanese South Sakhalin 1905-1945; Japanese nationalists dispute the Soviet annexation (never ceded to the USSR by treaty)
1043,MON,claim,Inner Mongolia: pan-Mongolist claim; the Bogd Khanate claimed and invaded Inner Mongolia in 1913
612,MON,claim,Inner Mongolia: pan-Mongolist claim; the Bogd Khanate claimed and invaded Inner Mongolia in 1913
611,MON,claim,Inner Mongolia: pan-Mongolist claim; the Bogd Khanate claimed and invaded Inner Mongolia in 1913
621,MON,claim,Inner Mongolia: pan-Mongolist claim; the Bogd Khanate claimed and invaded Inner Mongolia in 1913
746,MON,claim,Inner Mongolia: pan-Mongolist claim; the Bogd Khanate claimed and invaded Inner Mongolia in 1913
1040,MON,claim,Inner Mongolia: pan-Mongolist claim; the Bogd Khanate claimed and invaded Inner Mongolia in 1913
761,MON,claim,Inner Mongolia: pan-Mongolist claim; the Bogd Khanate claimed and invaded Inner Mongolia in 1913
715,MON,claim,Inner Mongolia: pan-Mongolist claim; the Bogd Khanate claimed and invaded Inner Mongolia in 1913
610,MON,claim,Inner Mongolia: pan-Mongolist claim; the Bogd Khanate claimed and invaded Inner Mongolia in 1913
329,MON,claim,Uriankhai (Tuva): claimed by the Bogd Khanate 1911-1921 as Mongolian land
1014,PER,claim,Bahrain: claimed by Iran as its 14th province until 1970; hardliners still revive the claim
658,PER,claim,Abu Musa and the Greater/Lesser Tunbs: disputed with the UAE since Iran seized them in 1971; represented as a claim on the single UAE state
656,IRQ,claim,Kuwait: claimed as part of Basra vilayet by Qasim (1961) and annexed by Saddam as the 19th province in 1990
413,IRQ,claim,Khuzestan (Arabistan): Arab-majority province claimed by Baathist Iraq and invaded in 1980
553,SYR,claim,Lebanon: Greater Syria; Syria did not recognise Lebanese independence diplomatically until 2008 and occupied it 1976-2005
676,TUR,claim,Vilayet of Mosul: included in the 1920 Misak-i Milli (National Pact); ceded to Iraq only in 1926
1093,ARM,claim,Nakhchivan: contested by the First Republic of Armenia 1918-1920; Armenian nationalist claim
229,ARM,claim,Nagorno-Karabakh and the occupied districts (inside the Azerbaijan state): Armenian-held since 1994; the Karabakh movement seeks union with Armenia
354,ARM,claim,Kars and Ardahan: held by Armenia 1918-1920; with Trabzon and Erzurum part of Wilsonian Armenia (Treaty of Sevres 1920)
800,ARM,claim,Van and Bitlis: historic Armenian heartland awarded to Armenia by the 1920 Wilsonian arbitration; Armenian nationalist claim
352,ARM,claim,Van and Bitlis: historic Armenian heartland awarded to Armenia by the 1920 Wilsonian arbitration; Armenian nationalist claim
442,AFG,claim,"Pashtunistan: Afghanistan has never recognised the Durand Line and claims the Pashtun lands of NWFP, FATA and northern Balochistan"
987,AFG,claim,"Pashtunistan: Afghanistan has never recognised the Durand Line and claims the Pashtun lands of NWFP, FATA and northern Balochistan"
988,AFG,claim,"Pashtunistan: Afghanistan has never recognised the Durand Line and claims the Pashtun lands of NWFP, FATA and northern Balochistan"
826,SOV,claim,Abkhazia: Russian-backed breakaway since 1993; Russian nationalist claim (recognised by Russia in 2008)
231,SOV,claim,South Ossetia (inside the Georgia state): Russian-backed breakaway since 1992; Russian nationalist claim (recognised by Russia in 2008)
407,SOV,claim,"Ural Cossack lands: Russian nationalists (Solzhenitsyn, Rebuilding Russia 1990) claim northern Kazakhstan; Uralsk founded by the Yaik Cossacks"
354,SOV,claim,Kars Oblast: Russian 1878-1918; Stalin demanded its return from Turkey in 1945
856,YEM,claim,"Asir, Jizan and Najran: taken by Saudi Arabia in the 1934 war; Yemen did not accept the border until the June 2000 Treaty of Jeddah"
858,YEM,claim,"Asir, Jizan and Najran: taken by Saudi Arabia in the 1934 war; Yemen did not accept the border until the June 2000 Treaty of Jeddah"
742,UZB,claim,"Tajikistan (Khujand, Hissar): part of the Uzbek SSR as the Tajik ASSR until 1929; large Uzbek minority"
830,TAJ,claim,Samarkand and Bukhara: historic Tajik (Persian-speaking) cities assigned to Uzbekistan in 1924; core Tajik nationalist claim
454,PAL,claim,Mandatory Palestine: the PLO National Charter claims all of historic Palestine
1091,JOR,claim,West Bank: annexed by Jordan 1950-1967 (claim formally renounced in 1988)
551,EGY,claim,Unity of the Nile Valley: Anglo-Egyptian Sudan was an Egyptian co-dominion until 1956; Egypt claimed sovereignty over Sudan until 1953
883,EGY,claim,Unity of the Nile Valley: Anglo-Egyptian Sudan was an Egyptian co-dominion until 1956; Egypt claimed sovereignty over Sudan until 1953
886,EGY,claim,Unity of the Nile Valley: Anglo-Egyptian Sudan was an Egyptian co-dominion until 1956; Egypt claimed sovereignty over Sudan until 1953
549,EGY,claim,Unity of the Nile Valley: Anglo-Egyptian Sudan was an Egyptian co-dominion until 1956; Egypt claimed sovereignty over Sudan until 1953
767,EGY,claim,Unity of the Nile Valley: Anglo-Egyptian Sudan was an Egyptian co-dominion until 1956; Egypt claimed sovereignty over Sudan until 1953
550,ETH,claim,Eritrea: federated with and annexed by Ethiopia 1952-1993; Ethiopian nationalists contest the loss of the coast (Assab)
752,TIB,claim,Kham and Amdo: ethnic Tibetan areas claimed as Greater Tibet by the Tibetan government-in-exile; western Kham was under Lhasa until 1950
753,TIB,claim,Kham and Amdo: ethnic Tibetan areas claimed as Greater Tibet by the Tibetan government-in-exile; western Kham was under Lhasa until 1950
754,TIB,claim,Kham and Amdo: ethnic Tibetan areas claimed as Greater Tibet by the Tibetan government-in-exile; western Kham was under Lhasa until 1950
755,TIB,claim,Kham and Amdo: ethnic Tibetan areas claimed as Greater Tibet by the Tibetan government-in-exile; western Kham was under Lhasa until 1950
604,TIB,claim,Kham and Amdo: ethnic Tibetan areas claimed as Greater Tibet by the Tibetan government-in-exile; western Kham was under Lhasa until 1950
563,BYA,claim,"Aga and Ust-Orda Buryat districts: part of the Buryat-Mongol ASSR 1923-1937, detached by Stalin"
566,BYA,claim,"Aga and Ust-Orda Buryat districts: part of the Buryat-Mongol ASSR 1923-1937, detached by Stalin"
590,SOV,core,Northern Kazakhstan: Russians were the largest or near-largest nationality in the 1999 census (with Ukrainians and Germans a European majority)
882,SOV,core,Northern Kazakhstan: Russians were the largest or near-largest nationality in the 1999 census (with Ukrainians and Germans a European majority)
583,SOV,core,Northern Kazakhstan: Russians were the largest or near-largest nationality in the 1999 census (with Ukrainians and Germans a European majority)
588,SOV,core,Northern Kazakhstan: Russians were the largest or near-largest nationality in the 1999 census (with Ukrainians and Germans a European majority)
1000,AZR,core,"Iranian (South) Azerbaijan: Azeri-majority provinces (East/West Azerbaijan, Ardabil, Zanjan); Azerbaijan People's Government 1945-46"
419,AZR,core,"Iranian (South) Azerbaijan: Azeri-majority provinces (East/West Azerbaijan, Ardabil, Zanjan); Azerbaijan People's Government 1945-46"
420,AZR,core,"Iranian (South) Azerbaijan: Azeri-majority provinces (East/West Azerbaijan, Ardabil, Zanjan); Azerbaijan People's Government 1945-46"
419,KUR,core,"Mukriyan: Kurdish south of West Azerbaijan, seat of the 1946 Republic of Mahabad"
829,VGE,core,Volga German ASSR (1924-1941): Engels (Pokrovsk) and Marx (Marxstadt)
238,DON,core,Don Cossack Host / Don Republic (1918-1920): eastern and northern Rostov and the Khopyor-Medveditsa okrugs
245,DON,core,Don Cossack Host / Don Republic (1918-1920): eastern and northern Rostov and the Khopyor-Medveditsa okrugs
265,DON,core,Don Cossack Host / Don Republic (1918-1920): eastern and northern Rostov and the Khopyor-Medveditsa okrugs
563,FER,core,"Far Eastern Republic (1920-1922): Transbaikalia, Amur, Primorye, northern Sakhalin, Okhotsk and Kamchatka"
564,FER,core,"Far Eastern Republic (1920-1922): Transbaikalia, Amur, Primorye, northern Sakhalin, Okhotsk and Kamchatka"
561,FER,core,"Far Eastern Republic (1920-1922): Transbaikalia, Amur, Primorye, northern Sakhalin, Okhotsk and Kamchatka"
657,FER,core,"Far Eastern Republic (1920-1922): Transbaikalia, Amur, Primorye, northern Sakhalin, Okhotsk and Kamchatka"
560,FER,core,"Far Eastern Republic (1920-1922): Transbaikalia, Amur, Primorye, northern Sakhalin, Okhotsk and Kamchatka"
409,FER,core,"Far Eastern Republic (1920-1922): Transbaikalia, Amur, Primorye, northern Sakhalin, Okhotsk and Kamchatka"
408,FER,core,"Far Eastern Republic (1920-1922): Transbaikalia, Amur, Primorye, northern Sakhalin, Okhotsk and Kamchatka"
655,FER,core,"Far Eastern Republic (1920-1922): Transbaikalia, Amur, Primorye, northern Sakhalin, Okhotsk and Kamchatka"
637,FER,core,"Far Eastern Republic (1920-1922): Transbaikalia, Amur, Primorye, northern Sakhalin, Okhotsk and Kamchatka"
562,FER,core,"Far Eastern Republic (1920-1922): Transbaikalia, Amur, Primorye, northern Sakhalin, Okhotsk and Kamchatka"
408,VLA,core,Provisional Priamurye Government (1921-1922) based in Vladivostok
831,KHI,core,Khanate of Khiva / Khorezm People's Soviet Republic (1920-1924) on the lower Amu Darya
832,KHI,core,Khanate of Khiva / Khorezm People's Soviet Republic (1920-1924) on the lower Amu Darya
830,BUK,core,"Emirate of Bukhara / Bukharan People's Soviet Republic (1920-1924): Bukhara, Kashkadarya, Surkhandarya and Eastern Bukhara (Dushanbe, Kulob, Garm)"
742,BUK,core,"Emirate of Bukhara / Bukharan People's Soviet Republic (1920-1924): Bukhara, Kashkadarya, Surkhandarya and Eastern Bukhara (Dushanbe, Kulob, Garm)"
1043,MEN,core,"Mengjiang / Inner Mongolian autonomous movement (1936-1945): Chahar, Suiyuan and Kalgan"
612,MEN,core,"Mengjiang / Inner Mongolian autonomous movement (1936-1945): Chahar, Suiyuan and Kalgan"
611,MEN,core,"Mengjiang / Inner Mongolian autonomous movement (1936-1945): Chahar, Suiyuan and Kalgan"
621,MEN,core,"Mengjiang / Inner Mongolian autonomous movement (1936-1945): Chahar, Suiyuan and Kalgan"
1039,MEN,core,"Mengjiang / Inner Mongolian autonomous movement (1936-1945): Chahar, Suiyuan and Kalgan"
328,MAN,core,Manchuria: Manchu homeland and Manchukuo (1932-1945)
610,MAN,core,Manchuria: Manchu homeland and Manchukuo (1932-1945)
714,MAN,core,Manchuria: Manchu homeland and Manchukuo (1932-1945)
715,MAN,core,Manchuria: Manchu homeland and Manchukuo (1932-1945)
716,MAN,core,Manchuria: Manchu homeland and Manchukuo (1932-1945)
717,MAN,core,Manchuria: Manchu homeland and Manchukuo (1932-1945)
745,MAN,core,Manchuria: Manchu homeland and Manchukuo (1932-1945)
761,MAN,core,Manchuria: Manchu homeland and Manchukuo (1932-1945)
325,YUN,core,Yunnan: autonomous Yunnan clique province (1915-1945)
747,YUN,core,Yunnan: autonomous Yunnan clique province (1915-1945)
594,GXC,core,Guangxi: New Guangxi clique province (1925-1949)
599,GXC,core,Guangxi: New Guangxi clique province (1925-1949)
1033,GXC,core,Guangxi: New Guangxi clique province (1925-1949)
615,SHX,core,Shanxi: Yan Xishan's model province (1911-1949)
616,XSM,core,"Northwest Ma clique lands: Ningxia, Gansu and Qinghai (1928-1949)"
1045,XSM,core,"Northwest Ma clique lands: Ningxia, Gansu and Qinghai (1928-1949)"
283,XSM,core,"Northwest Ma clique lands: Ningxia, Gansu and Qinghai (1928-1949)"
1044,XSM,core,"Northwest Ma clique lands: Ningxia, Gansu and Qinghai (1928-1949)"
756,XSM,core,"Northwest Ma clique lands: Ningxia, Gansu and Qinghai (1928-1949)"
754,XSM,core,"Northwest Ma clique lands: Ningxia, Gansu and Qinghai (1928-1949)"
755,XSM,core,"Northwest Ma clique lands: Ningxia, Gansu and Qinghai (1928-1949)"
604,XSM,core,"Northwest Ma clique lands: Ningxia, Gansu and Qinghai (1928-1949)"
283,CHI,core,Republic of China (1912-1949) national territory; restorable unified China
287,CHI,core,Republic of China (1912-1949) national territory; restorable unified China
322,CHI,core,Republic of China (1912-1949) national territory; restorable unified China
325,CHI,core,Republic of China (1912-1949) national territory; restorable unified China
326,CHI,core,Republic of China (1912-1949) national territory; restorable unified China
328,CHI,core,Republic of China (1912-1949) national territory; restorable unified China
591,CHI,core,Republic of China (1912-1949) national territory; restorable unified China
592,CHI,core,Republic of China (1912-1949) national territory; restorable unified China
593,CHI,core,Republic of China (1912-1949) national territory; restorable unified China
594,CHI,core,Republic of China (1912-1949) national territory; restorable unified China
595,CHI,core,Republic of China (1912-1949) national territory; restorable unified China
596,CHI,core,Republic of China (1912-1949) national territory; restorable unified China
597,CHI,core,Republic of China (1912-1949) national territory; restorable unified China
598,CHI,core,Republic of China (1912-1949) national territory; restorable unified China
599,CHI,core,Republic of China (1912-1949) national territory; restorable unified China
600,CHI,core,Republic of China (1912-1949) national territory; restorable unified China
601,CHI,core,Republic of China (1912-1949) national territory; restorable unified China
602,CHI,core,Republic of China (1912-1949) national territory; restorable unified China
603,CHI,core,Republic of China (1912-1949) national territory; restorable unified China
604,CHI,core,Republic of China (1912-1949) national territory; restorable unified China
605,CHI,core,Republic of China (1912-1949) national territory; restorable unified China
606,CHI,core,Republic of China (1912-1949) national territory; restorable unified China
607,CHI,core,Republic of China (1912-1949) national territory; restorable unified China
608,CHI,core,Republic of China (1912-1949) national territory; restorable unified China
609,CHI,core,Republic of China (1912-1949) national territory; restorable unified China
610,CHI,core,Republic of China (1912-1949) national territory; restorable unified China
611,CHI,core,Republic of China (1912-1949) national territory; restorable unified China
612,CHI,core,Republic of China (1912-1949) national territory; restorable unified China
613,CHI,core,Republic of China (1912-1949) national territory; restorable unified China
614,CHI,core,Republic of China (1912-1949) national territory; restorable unified China
615,CHI,core,Republic of China (1912-1949) national territory; restorable unified China
616,CHI,core,Republic of China (1912-1949) national territory; restorable unified China
617,CHI,core,Republic of China (1912-1949) national territory; restorable unified China
618,CHI,core,Republic of China (1912-1949) national territory; restorable unified China
619,CHI,core,Republic of China (1912-1949) national territory; restorable unified China
620,CHI,core,Republic of China (1912-1949) national territory; restorable unified China
621,CHI,core,Republic of China (1912-1949) national territory; restorable unified China
622,CHI,core,Republic of China (1912-1949) national territory; restorable unified China
714,CHI,core,Republic of China (1912-1949) national territory; restorable unified China
715,CHI,core,Republic of China (1912-1949) national territory; restorable unified China
716,CHI,core,Republic of China (1912-1949) national territory; restorable unified China
717,CHI,core,Republic of China (1912-1949) national territory; restorable unified China
728,CHI,core,Republic of China (1912-1949) national territory; restorable unified China
729,CHI,core,Republic of China (1912-1949) national territory; restorable unified China
743,CHI,core,Republic of China (1912-1949) national territory; restorable unified China
744,CHI,core,Republic of China (1912-1949) national territory; restorable unified China
745,CHI,core,Republic of China (1912-1949) national territory; restorable unified China
746,CHI,core,Republic of China (1912-1949) national territory; restorable unified China
747,CHI,core,Republic of China (1912-1949) national territory; restorable unified China
748,CHI,core,Republic of China (1912-1949) national territory; restorable unified China
749,CHI,core,Republic of China (1912-1949) national territory; restorable unified China
750,CHI,core,Republic of China (1912-1949) national territory; restorable unified China
751,CHI,core,Republic of China (1912-1949) national territory; restorable unified China
752,CHI,core,Republic of China (1912-1949) national territory; restorable unified China
753,CHI,core,Republic of China (1912-1949) national territory; restorable unified China
754,CHI,core,Republic of China (1912-1949) national territory; restorable unified China
755,CHI,core,Republic of China (1912-1949) national territory; restorable unified China
756,CHI,core,Republic of China (1912-1949) national territory; restorable unified China
757,CHI,core,Republic of China (1912-1949) national territory; restorable unified China
758,CHI,core,Republic of China (1912-1949) national territory; restorable unified China
759,CHI,core,Republic of China (1912-1949) national territory; restorable unified China
760,CHI,core,Republic of China (1912-1949) national territory; restorable unified China
761,CHI,core,Republic of China (1912-1949) national territory; restorable unified China
1032,CHI,core,Republic of China (1912-1949) national territory; restorable unified China
1033,CHI,core,Republic of China (1912-1949) national territory; restorable unified China
1034,CHI,core,Republic of China (1912-1949) national territory; restorable unified China
1035,CHI,core,Republic of China (1912-1949) national territory; restorable unified China
1036,CHI,core,Republic of China (1912-1949) national territory; restorable unified China
1037,CHI,core,Republic of China (1912-1949) national territory; restorable unified China
1038,CHI,core,Republic of China (1912-1949) national territory; restorable unified China
1039,CHI,core,Republic of China (1912-1949) national territory; restorable unified China
1040,CHI,core,Republic of China (1912-1949) national territory; restorable unified China
1041,CHI,core,Republic of China (1912-1949) national territory; restorable unified China
1042,CHI,core,Republic of China (1912-1949) national territory; restorable unified China
1043,CHI,core,Republic of China (1912-1949) national territory; restorable unified China
1044,CHI,core,Republic of China (1912-1949) national territory; restorable unified China
1045,CHI,core,Republic of China (1912-1949) national territory; restorable unified China
1046,CHI,core,Republic of China (1912-1949) national territory; restorable unified China
1086,CHI,core,Republic of China (1912-1949) national territory; restorable unified China
524,CHI,core,Republic of China (1912-1949) national territory; restorable unified China
842,TIG,core,Tigray: Tigrayan homeland (TPLF-led Tigray region)
908,AFA,core,Afar: Afar homeland (Sultanate of Aussa)
841,QEM,core,Gondar: homeland of the Qemant (Agaw) people
