id,file,action,note
1,1-France.txt,kept,
2,2-Italy.txt,kept,
3,3-Swiss Plateau.txt,kept,
4,4-Austria.txt,kept,
5,5-Germany.txt,kept,
6,6-Belgium.txt,kept,
7,7-Holland.txt,kept,
8,8-Luxemburg.txt,rebased,manpower 294748->647599; provinces +[13375] -[]
9,9-Czechoslovakia.txt,kept,
10,10-Poland.txt,kept,
11,11-Kaunas.txt,kept,
12,12-Latvia.txt,kept,
13,13-Estonia.txt,kept,
14,14-Brittany.txt,kept,
15,15-Normandy.txt,kept,
16,16-Ile de France.txt,kept,
17,17-Alcase Lorraine.txt,kept,
18,18-Champagne.txt,kept,
19,19-Aquitaine.txt,kept,
20,20-Franche-comte.txt,kept,
21,21-Bouches-du-Rhone.txt,kept,
22,22-Roussillion.txt,kept,
23,23-Poitou.txt,kept,
24,24-Centre.txt,kept,
25,25-Limousin.txt,kept,
26,26-Bourgogne.txt,kept,
27,27-Champagne2.txt,kept,
28,28-Alcase.txt,kept,
29,29-Pas de Calais.txt,kept,
30,30-Loire.txt,kept,
31,31-Midi Pyrenees.txt,kept,
32,32-Rhone Alpes.txt,kept,
33,33-Centre sud.txt,kept,
34,34-Wallonie.txt,kept,
35,35-Gelderland.txt,kept,
36,36-Friesland.txt,kept,
37,37-Denmark.txt,kept,
38,38-Sweden.txt,kept,
39,39-South Tyrol.txt,kept,
40,40-USSR.txt,kept,
41,41-Madrid.txt,kept,
42,42-Rhineland.txt,kept,
43,43-Hungary.txt,kept,
44,44-Albania.txt,rebased,"manpower 493867->1972996; provinces +[] -[3896, 9780, 11762]"
45,45-Yugoslavia.txt,kept,
46,46-Romania.txt,kept,
47,47-Greece.txt,kept,
48,48-Bulgaria.txt,kept,
49,49-Turkey.txt,kept,
50,50-Baden.txt,kept,
51,51-Moselland.txt,kept,
52,52-Wuttemberg.txt,kept,
53,53-Oberbayern.txt,kept,
54,54-Bayreuth.txt,kept,
55,55-Nassau.txt,kept,
56,56-Weser-Ems.txt,kept,
57,57-Westfalen.txt,kept,
58,58-Schleswig - Holstein.txt,kept,
59,59-Ost - Hannover.txt,kept,
60,60-Sud-Hannover.txt,kept,
61,61-Mecklenburg.txt,kept,
62,62-Pommern.txt,kept,
63,63-WestPrussen.txt,kept,
64,64-Brandenburg.txt,kept,
65,65-Sachsen.txt,kept,
66,66-Niederschlesien.txt,kept,
67,67-Oberschlesien.txt,kept,
68,68-Wartheland.txt,kept,
69,69-Sudatenland.txt,kept,
70,70-Slovakia.txt,kept,
71,71-East Slovakia.txt,kept,
72,72-Zaolzie.txt,kept,
73,73-Carpathian Ruthenia.txt,kept,
74,74-East Sudatenland.txt,kept,
75,75-Moravia.txt,kept,
76,76-Northern Transylvania.txt,kept,
77,77-Dobrogea.txt,kept,
78,78-Bessarabia.txt,kept,
79,79-moldovia.txt,kept,
80,80-Bocovina.txt,kept,
81,81-Oltenia.txt,kept,
82,82-Banat.txt,kept,
83,83-crisana.txt,kept,
84,84-Transylvania.txt,kept,
85,85-Danzig.txt,kept,
86,86-Poznan.txt,kept,
87,87-Lodz.txt,kept,
88,88-Kielce.txt,kept,
89,89-Krakow.txt,kept,
90,90-Lwow.txt,kept,
91,91-Tarnopol.txt,kept,
92,92-Lublin.txt,kept,
93,93-Volhynian.txt,kept,
94,94-Polesie.txt,kept,
95,95-Nowogrodek.txt,kept,
96,96-Wilejka.txt,kept,
97,97-Bialystok.txt,kept,
98,98-Mazurskie.txt,kept,
99,99-Jutland.txt,kept,
100,100-Iceland.txt,kept,
101,101-Greenland.txt,kept,
102,102-North-Eastern Slovenia.txt,kept,
103,103-Croatia.txt,kept,
104,104-Bosnia.txt,kept,
105,105-Montenegro.txt,kept,
106,106-Macedonia.txt,rebased,"manpower 1030650->2065000; provinces +[] -[833, 867, 11856]"
107,107-Kosavo.txt,kept,
108,108-Eastern Serbia.txt,kept,
109,109-Eastern Croatia.txt,kept,
110,110-Norway.txt,kept,
111,111-Uusima.txt,kept,
112,112-Lisbon.txt,kept,
113,113-Ireland.txt,kept,
114,114-Sardinia.txt,kept,
115,115-Sicily.txt,kept,
116,116-Malta.txt,kept,
117,117-Napoli.txt,kept,
118,118-Gibralter.txt,kept,
119,119-Northern Ireland.txt,kept,
120,120-Scottish Highlands.txt,kept,
121,121-Scottish Lowlands.txt,kept,
122,122-Wales.txt,kept,
123,123-Cornwall.txt,kept,
124,124-Gotland.txt,kept,
125,125-East Anglia.txt,kept,
126,126-Greater London Area.txt,kept,
127,127-South-east England.txt,kept,
128,128-West Midlands.txt,kept,
129,129-East Midlands.txt,kept,
130,130-Yorkshire.txt,kept,
131,131-Northern England.txt,rebased,"manpower 2128860->6340539; vps {351: 10.0}; provinces +[] -[219, 3311, 6399, 9285, 11332]"
132,132-North-west England.txt,kept,
133,133-Strathclyde.txt,kept,
134,134-Connaught.txt,kept,
135,135-Munster.txt,kept,
136,136-Aberdeenshire.txt,kept,
137,137-Crimea.txt,kept,
138,138-Skane.txt,kept,
139,139-Smaland.txt,kept,
140,140-Vaster Gotland.txt,kept,
141,141-Sodermanland.txt,kept,
142,142-Vestlandet.txt,kept,
143,143-Midt-Noreg.txt,kept,
144,144-Nord-Noreg.txt,kept,
145,145-Aland.txt,kept,
146,146-Karelia.txt,kept,
147,147-Salla.txt,kept,
148,148-Lappi.txt,kept,
149,149-Vaasa.txt,kept,
150,150-Kuopio.txt,kept,
151,151-Eastern Swiss Alps.txt,kept,
152,152-Upper Austria.txt,kept,
153,153-Tyrol.txt,kept,
154,154-Southern plain.txt,rebased,"manpower 2155383->2250246; vps {11659: 1.0}; provinces +[] -[6670, 6700, 11625]"
155,155-Western Hungary.txt,rebased,"manpower 1465070->2127053; category large_town->city; provinces +[] -[682, 3680, 6685, 9624, 9643, 11610]"
156,156-Calabria.txt,kept,
157,157-Abruzzo.txt,kept,
158,158-Piedmont.txt,kept,
159,159-Lombardy.txt,kept,
160,160-Veneto.txt,rebased,manpower 3963151->5710000; provinces +[] -[6626]
161,161-Emilia Romagna.txt,kept,
162,162-Tuscany.txt,kept,
163,163-Dalmatia.txt,kept,
164,164-Dodecanese.txt,kept,
165,165-Catalonia.txt,rebased,manpower 3036537->6160000; category large_city->metropolis; provinces +[3899] -[]
166,166-Western Aragon.txt,kept,
167,167-Valencia.txt,kept,
168,168-Murcia.txt,kept,
169,169-Sevilla.txt,kept,
170,170-Extremadura.txt,kept,
171,171-Galicia.txt,kept,
172,172-Navarre.txt,kept,
173,173-Granada.txt,kept,
174,174-Leon.txt,kept,
175,175-Ciudad Real.txt,kept,
176,176-Burgos.txt,kept,
177,177-Balearic Islands.txt,kept,
178,178-Canary islands.txt,kept,
179,179-Beja.txt,kept,
180,180-Porto.txt,kept,
181,181-Guarda.txt,kept,
182,182-Crete.txt,kept,
183,183-Cyprus.txt,kept,
184,184-Thrace.txt,kept,
185,185-Epirus.txt,kept,
186,186-Peloponnese.txt,kept,
187,187-Aegean Islands.txt,kept,
188,188-Memel.txt,kept,
189,189-Kaunas.txt,kept,
190,190-Kurzeme.txt,kept,
191,191-Tartu.txt,kept,
192,192-Odessa.txt,rebased,"manpower 1286238->1469986; provinces +[] -[741, 754, 3757]"
193,193-Kiev.txt,kept,
194,194-Pinsk Marches.txt,kept,
195,195-Leningrad Area.txt,kept,
196,196-Kherson.txt,kept,
197,197-Mykolaiv.txt,kept,
198,198-Vinnytsia.txt,rebased,provinces +[] -[9576]
199,199-Khmelnytskyi.txt,kept,
200,200-Rivne.txt,kept,
201,201-Zhytomyr.txt,kept,
202,202-Western Kiev.txt,kept,
203,203-Cherkasy.txt,kept,
204,204-Brest.txt,kept,
205,205-Hrodna.txt,kept,
206,206-Minsk.txt,kept,
207,207-Viciebsk.txt,kept,
208,208-Pskov.txt,kept,
209,209-Smolensk.txt,rebased,manpower 639587->460000; provinces +[] -[319]
210,210-Bryansk.txt,kept,
211,211-Burgas.txt,kept,
212,212-Plovdiv.txt,kept,
213,213-Murmansk.txt,kept,
214,214-Arkhangelsk.txt,kept,
215,215-Eastern Karelia.txt,kept,
216,216-Below Zero.txt,kept,
217,217-Stalingrad Area.txt,kept,
218,218-Rostov Area.txt,kept,
219,219-Moscow Area.txt,kept,
220,220-Kursk Area.txt,kept,
221,221-Kharkov.txt,kept,
222,222-Orel.txt,kept,
223,223-tula.txt,kept,
224,224-Bryansk.txt,kept,
225,225-Glukhov.txt,kept,
226,226-Nikopol.txt,kept,
227,227-Stalino.txt,kept,
228,228-Taganrog.txt,kept,
229,229-baku.txt,kept,
230,230-Armenia.txt,kept,
231,231-Georgia.txt,rebased,"manpower 2457844->3468295; provinces +[] -[672, 11599, 11617]"
232,232-Grozny.txt,kept,
233,233-Caucasus Mountains.txt,kept,
234,234-Krasodar.txt,kept,
235,235-Stravropol.txt,kept,
236,236-Astrakhan.txt,kept,
237,237-Elista.txt,kept,
238,238-volgodonsk.txt,kept,
239,239-Saratov.txt,kept,
240,240-Voronezh.txt,kept,
241,241-Pochep.txt,kept,
242,242-Smolensk.txt,kept,
243,243-Roslavl.txt,kept,
244,244-Gatchina.txt,kept,
245,245-Donetsk.txt,kept,
246,246-Rzhev.txt,kept,
247,247-Tver.txt,kept,
248,248-Yaroslavl.txt,kept,
249,249-Kazan.txt,kept,
250,250-ulyanovsky.txt,kept,
251,251-Samara.txt,kept,
252,252-Nizhny Novogrod.txt,kept,
253,253-Ivanovo.txt,kept,
254,254-Ryazan.txt,kept,
255,255-Penza.txt,kept,
256,256-Cheboksary.txt,kept,
257,257-Livny.txt,kept,
258,258-lipetsk.txt,kept,
259,259-Liski.txt,kept,
260,260-Borisoglbsk.txt,kept,
261,261-USA.txt,kept,
262,262-Torzhok.txt,kept,
263,263-Veliky Novogrod.txt,kept,
264,264-Tikhvin.txt,kept,
265,265-Mikhaylovka.txt,kept,
266,266-Persia.txt,kept,
267,267-Afghanistan.txt,rebased,"manpower 1976110->36035245; provinces +[] -[5082, 7448, 7519, 7584, 10476, 10781, 10826, 10896, 12248, 12314, 12653, 12831, 12877]"
268,268-French Somaliland.txt,kept,
269,269-British Somaliland.txt,kept,
270,270-Pitcarin Island.txt,kept,
271,271-ethiopia.txt,kept,
272,272-French Africa.txt,kept,
273,273-Italian Africa.txt,kept,
274,274-British Africa.txt,kept,
275,275-South Africa.txt,kept,
276,276-Canada.txt,kept,
277,277-Mexico.txt,kept,
278,278-Argentina.txt,kept,
279,279-Chile.txt,kept,
280,280-Brazil.txt,kept,
281,281-India.txt,kept,
282,282-Japan.txt,kept,
283,283-China.txt,rebased,"manpower 2705400->3705400; provinces +[] -[1630, 1985, 3745, 5025, 6638]"
284,284-New Zealand.txt,rebased,"manpower 449918->3922000; provinces +[] -[1565, 1713, 1746, 1786, 4543, 4615, 4718, 4748, 7742, 7887, 10334, 10373, 10609, 10710, 12362, 12664]"
285,285-Austraila.txt,kept,
286,286-Indochina.txt,rebased,"manpower 2045000->5245000; provinces +[1248, 4255, 7229, 10137, 10180, 10309] -[1396, 1423, 4223, 4284, 4341, 4401, 7238, 7303, 7331, 7347, 10261, 12133, 12232]"
287,287-Sinkiang.txt,rebased,"manpower 28000->408000; provinces +[5016, 7790] -[4973, 10911]"
288,288-Burma.txt,rebased,"manpower 2107805->10722500; category rural->town; provinces +[] -[1014, 1142, 1296, 1315, 1330, 1333, 1385, 1403, 1417, 1650, 3651, 4019, 4059, 4147, 4275, 4293, 4336, 4408, 4626, 7122, 7254, 7295, 7382, 7441, 10154, 10182, 10217, 10223, 10267, 10283, 10344, 12090, 12125, 12127, 12197, 12238, 12256, 12267, 12284, 12292]"
289,289-Siam.txt,kept,
290,290-Spanish Africa.txt,kept,
291,291-Iraq.txt,kept,
292,292-Saudi Arabia.txt,kept,
293,293-Yemen.txt,kept,
294,294-Oman.txt,rebased,"manpower 369000->4520000; provinces +[] -[2018, 2059, 2103, 5049]"
295,295-Congo.txt,rebased,vps {5117: 3.0}; provinces +[13370] -[]
296,296-Portugal Africa.txt,kept,
297,297-Belgian Africa.txt,kept,
298,298-Liberia.txt,kept,
299,299-Falkand Islands.txt,kept,
300,300-Uruguay.txt,kept,
301,301-paraguay.txt,kept,
302,302-bolivia.txt,kept,
303,303-Peru.txt,kept,
304,304-Panama.txt,kept,
305,305-Ecuador.txt,kept,
306,306-Colombia.txt,kept,
307,307-Venezuela.txt,kept,
308,308-Britain SA.txt,kept,
309,309-Dutch SA.txt,kept,
310,310-French SA.txt,kept,
311,311-BritMex.txt,kept,
312,312-Honduras.txt,kept,
313,313-Guatemala.txt,kept,
314,314-El Salvador.txt,kept,
315,315-Cuba.txt,kept,
316,316-Costa Rica.txt,kept,
317,317-Nicaragua.txt,kept,
318,318-Haiti.txt,kept,
319,319-Dominican Republic.txt,kept,
320,320-French India.txt,kept,
321,321-Goa.txt,kept,
322,322-Tibet.txt,kept,
323,323-Nepal.txt,kept,
324,324-Bhutan.txt,kept,
325,325-Yunnan.txt,rebased,"manpower 10994500->8460088; provinces +[4192, 5072, 12841] -[]"
326,326-HongKong.txt,kept,
327,327-Philippines.txt,rebased,"manpower 2277042->22453654; category large_town->town; provinces +[1388, 4233, 4288, 10272] -[7275, 7351, 10165]"
328,328-Manchukuo.txt,kept,
329,329-Tannu Tuva.txt,kept,
330,330-Mongolia.txt,kept,
331,331-Newfoundland.txt,kept,
332,332-Labrador.txt,kept,
333,333-British Borneo.txt,rebased,"manpower 503200->5972462; vps {1208: 1.0}; provinces +[] -[1306, 1335, 4282, 4338, 7358, 7371, 7387, 10143, 10199, 10212, 10240, 10269, 12171, 12186, 12228]"
334,334-Dutch Borneo.txt,kept,
335,335-Dutch East Indies.txt,rebased,"manpower 9632183->151600000; category large_town->city; provinces +[13382] -[1209, 1413, 4306, 4390, 4406, 4608, 7381, 7642, 7654, 10135, 10479, 10491, 12249, 12277, 12293, 12472]"
336,336-Singapore.txt,kept,
337,337-Faroe Islands.txt,kept,
338,338-Gloucestershire.txt,kept,
339,339-Izmir.txt,kept,
340,340-Bursa.txt,kept,
341,341-Edirne.txt,kept,
342,342-Antalya.txt,kept,
343,343-Afyon.txt,kept,
344,344-Adana.txt,kept,
345,345-Mersin.txt,kept,
346,346-Konya.txt,kept,
347,347-Izmit.txt,kept,
348,348-Kayseri.txt,kept,
349,349-Silvas.txt,kept,
350,350-Diyarbekir.txt,kept,
351,351-Vologda.txt,kept,
352,352-Hakkari.txt,kept,
353,353-Erzurum.txt,kept,
354,354-Trabzon.txt,kept,
355,355-Samsun.txt,kept,
356,356-Sinop.txt,kept,
357,357-New England.txt,kept,
358,358-New York.txt,kept,
359,359-New Jersey.txt,kept,
360,360-Pennsylvania.txt,kept,
361,361-Maryland.txt,kept,
362,362-Virginia.txt,kept,
363,363-North Carolina.txt,kept,
364,364-South Carolina.txt,kept,
365,365-Georgia.txt,kept,
366,366-Florida.txt,kept,
367,367-Alabama.txt,kept,
368,368-Tennesse.txt,kept,
369,369-Kentucky.txt,kept,
370,370-Mississippi.txt,kept,
371,371-Louisiana.txt,kept,
372,372-Arkansas.txt,kept,
373,373-Missouri.txt,kept,
374,374-Oklahoma.txt,kept,
375,375-Texas.txt,kept,
376,376-New Mexico.txt,kept,
377,377-Arizona.txt,kept,
378,378-California.txt,kept,
379,379-Nevada.txt,kept,
380,380-Utah.txt,kept,
381,381-Wyoming.txt,kept,
382,382-Colorado.txt,kept,
383,383-Kansas.txt,kept,
384,384-Nebraska.txt,kept,
385,385-Oregon.txt,kept,
386,386-Washington.txt,kept,
387,387-Idaho.txt,kept,
388,388-Montana.txt,kept,
389,389-North Dakota.txt,kept,
390,390-South Dakota.txt,kept,
391,391-Minnesota.txt,kept,
392,392-Iowa.txt,kept,
393,393-Michigan.txt,kept,
394,394-Wisconsin.txt,kept,
395,395-Illinois.txt,kept,
396,396-Indiana.txt,kept,
397,397-Syktyvkar.txt,kept,
398,398-Perm.txt,kept,
399,399-Izhevsk.txt,kept,
400,400-Kirov.txt,kept,
401,401-Engels.txt,kept,
402,402-Akhtubinsk.txt,kept,
403,403-Kharabali.txt,kept,
404,404-Saykhin.txt,kept,
405,405-Atyrau.txt,rebased,"manpower 4137910->6275820; provinces +[] -[1573, 7639, 7775, 10205, 10671, 12239, 12722]"
406,406-Krasnyy Yar.txt,kept,
407,407-Uralsk.txt,kept,
408,408-Vladivostok.txt,kept,
409,409-Khabarovsk.txt,kept,
410,410-Sistan.txt,kept,
411,411-Hormozgan.txt,kept,
412,412-Fars.txt,kept,
413,413-Khuzestan.txt,kept,
414,414-Kerman.txt,kept,
415,415-South Khorasan.txt,rebased,"manpower 1001058->4064755; provinces +[10476] -[1948, 2017, 2062, 2078, 2101, 4949, 5020, 5064, 8090, 10789]"
416,416-Razavi Khorasan.txt,kept,
417,417-Golestan.txt,kept,
418,418-Semnan.txt,kept,
419,419-Azerbaijan.txt,kept,
420,420-Gilan.txt,kept,
421,421-Kurdistan.txt,kept,
422,422-Ceylon.txt,kept,
423,423-Tamil.txt,rebased,"manpower 24993300->29147500; vps {10278: 1.0}; provinces +[7391, 10190] -[1321, 1409, 7288, 7402, 12247]"
424,424-Andra Pradesh.txt,kept,
425,425-Karnataka.txt,rebased,"manpower 6552000->68000000; vps {8011: 1.0}; provinces +[] -[4291, 4395, 7250, 7391, 7411, 10190, 10259, 10799, 12105, 12208, 12295]"
426,426-Odisha.txt,rebased,"manpower 8540000->46200000; provinces +[] -[1579, 1622, 7465, 10171, 10469, 12241, 12490]"
427,427-Hydrabad.txt,rebased,"manpower 13374676->38000000; vps {8087: 20.0}; provinces +[1405, 7060] -[]"
428,428-Gujarat.txt,rebased,"manpower 10489446->71000000; vps {9975: 1.0}; provinces +[] -[4187, 7150, 11952]"
429,429-Mumbai.txt,rebased,"manpower 18928000->126000000; vps {1349: 20.0}; provinces +[4187, 7150, 11952] -[1405, 7060]"
430,430-Bangladesh.txt,rebased,manpower 31973300->169400000; provinces +[] -[13208]
431,431-Calcutta.txt,rebased,manpower 18778100->99700000; vps {4245: 20.0}; provinces +[] -[4435]
432,432-Assam.txt,rebased,"manpower 8977100->49790000; provinces +[13208] -[1525, 1553]"
433,433-Manipur.txt,rebased,"manpower 11786000->81000000; category rural->town; vps {2054: 1.0}; provinces +[] -[10866, 12041, 12718, 12876]"
434,434-Arunachal Pradesh.txt,rebased,manpower 200000->1500000; provinces +[] -[12322]
435,435-Bihar.txt,kept,
436,436-Jharkhand.txt,rebased,"manpower 17990937->30100000; provinces +[10171] -[4557, 12420]"
437,437-Madhya Pradesh.txt,rebased,"manpower 9628198->86580000; provinces +[] -[1949, 2036, 10807]"
438,438-Lucknow.txt,kept,
439,439-Delhi.txt,rebased,"manpower 636246->82200000; category large_city->city; provinces +[10794] -[1129, 1898, 2002, 2076, 3989, 5002, 5157, 7106, 10021, 10729, 12708, 12868]"
440,440-Punjab.txt,rebased,"manpower 16024000->13665000; vps {10887: 5.0}; provinces +[] -[10843, 12792]"
441,441-Kashmir.txt,rebased,manpower 2598027->9886500; category rural->town; provinces +[5042] -[]
442,442-Peshawar.txt,rebased,"category wasteland->rural; provinces +[] -[1978, 4998]"
443,443-Hyderabad.txt,rebased,manpower 4524236->3887000; category city->rural; vps {3456: 3.0}; provinces +[] -[7049]
444,444-Karachi.txt,rebased,"manpower 364000->463500; category rural->wasteland; provinces +[] -[5075, 8013, 8066]"
445,445-Hindu Kush.txt,rebased,"category rural->wasteland; provinces +[] -[1107, 5105, 7975, 8044, 8098]"
446,446-Cairo.txt,kept,
447,447-Alexandria.txt,kept,
448,448-Tripoli.txt,kept,
449,449-Libyan Coast.txt,kept,
450,450-Benghasi.txt,kept,
451,451-Derna.txt,kept,
452,452-Marsa Matruh.txt,kept,
453,453-Sinai.txt,kept,
454,454-Israel.txt,kept,
455,455-Jordan.txt,kept,
456,456-Luxor.txt,kept,
457,457-Aswan.txt,kept,
458,458-Tunisia.txt,kept,
459,459-Western Algeria.txt,kept,
460,460-Eastern Algeria.txt,kept,
461,461-Northern Morocco.txt,kept,
462,462-Southern Morocco.txt,kept,
463,463-Alaska.txt,kept,
464,464-Nova Scotia.txt,kept,
465,465-New Brunswick.txt,kept,
466,466-Quebec.txt,kept,
467,467-Manitoba.txt,kept,
468,468-Nunavut.txt,kept,
469,469-Saskatchewan.txt,kept,
470,470-Alberta.txt,kept,
471,471-Northwestern Canada.txt,kept,
472,472-Northwest Territories.txt,kept,
473,473-British Columbia.txt,kept,
474,474-Yucatan.txt,kept,
475,475-Chiapas.txt,kept,
476,476-Oaxaca.txt,kept,
477,477-Veracruz.txt,kept,
478,478-Nayarit.txt,kept,
479,479-Tamaulipas.txt,kept,
480,480-Coahuila.txt,kept,
481,481-Sinaloa.txt,kept,
482,482-Chihuahua.txt,kept,
483,483-Sonora.txt,kept,
484,484-Baja California.txt,kept,
485,485-Guerrero.txt,kept,
486,486-Meta.txt,kept,
487,487-Amazinas.txt,kept,
488,488-Bolivar.txt,kept,
489,489-Monagas.txt,kept,
490,490-Pastaza.txt,kept,
491,491-Loreto.txt,kept,
492,492-Piura.txt,kept,
493,493-La Libertad.txt,kept,
494,494-Ucayali.txt,kept,
495,495-Amazonas.txt,kept,
496,496-Para.txt,kept,
497,497-Maranhao.txt,kept,
498,498-Rio Grande.txt,kept,
499,499-Bahia.txt,kept,
500,500-Rio de Janerio.txt,kept,
501,501-Saol Paulo.txt,kept,
502,502-Rio Grande Sul.txt,kept,
503,503-Santa Catarina.txt,kept,
504,504-Iguacu.txt,kept,
505,505-Goias.txt,kept,
506,506-Northern Chile.txt,kept,
507,507-Southern Chile.txt,kept,
508,508-Argentine Northwest.txt,kept,
509,509-Gran Chaco.txt,kept,
510,510-Mesopotamia.txt,kept,
511,511-Cuyo.txt,kept,
512,512-Patagonia.txt,kept,
513,513-Southern Algeria.txt,kept,
514,514-North Africa.txt,kept,
515,515-Central Africa.txt,kept,
516,516-Northern Siberia.txt,kept,
517,517-Victoria.txt,kept,
518,518-Tasmania.txt,kept,
519,519-South Australia.txt,kept,
520,520-Northern Territory.txt,kept,
521,521-Queensland.txt,kept,
522,522-Western Australia.txt,kept,
523,523-New Guinea.txt,rebased,"manpower 185000->7364704; vps {4329: 3.0}; provinces +[] -[1389, 2129, 4317, 4393, 4418, 4635, 5135, 7365, 7409, 7614, 10251, 10423, 10954, 11004, 11018, 12107, 12154, 12193, 12237, 12240, 12400, 12428, 12931]"
524,524-Taiwan.txt,kept,
525,525-South Korea.txt,rebased,"manpower 6961368->52740000; provinces +[] -[1054, 1081, 1148, 1177, 4004, 4056, 4086, 4103, 4126, 7021, 7121, 7175, 7204, 9936, 10085, 10110, 10115, 11912, 11948, 11958, 11977, 11992, 12011, 12060, 12085, 12089]"
526,526-Okinawa.txt,kept,
527,527-North Korea.txt,rebased,"manpower 4516134->25970000; vps {4052: 40.0}; provinces +[] -[848, 852, 898, 906, 959, 978, 3803, 3852, 3860, 3904, 3981, 6822, 6922, 6928, 6944, 9899, 10083, 11770, 11775, 11878]"
528,528-Nagasaki.txt,rebased,"manpower 6046000->12778958; category city->large_city; vps {9950: 30.0}; provinces +[] -[1020, 1183, 4102, 4198, 7178, 11949, 12006, 12032]"
529,529-Hiroshima.txt,rebased,"manpower 4431000->7254726; vps {1092: 30.0}; provinces +[] -[1167, 1191, 7050, 7145, 10055]"
530,530-Tokushima.txt,kept,
531,531-Osaka.txt,kept,
532,532-Nagoya.txt,kept,
533,533-Akita.txt,rebased,"manpower 4266278->8611195; category town->large_city; provinces +[] -[1024, 4067, 4118, 4122, 4153, 7169]"
534,534-Niigata.txt,rebased,manpower 2064402->2201272; provinces +[10015] -[]
535,535-Nagano.txt,rebased,manpower 3871000->3878131; category city->large_city; provinces +[] -[10015]
536,536-Hokkaido.txt,kept,
537,537-South Sakhalin.txt,kept,
538,538-Cameroun.txt,kept,
539,539-Gabon.txt,kept,
540,540-Angola.txt,rebased,"manpower 1600000->22802324; provinces +[13371, 13373] -[1552, 2126, 4735, 8054, 8138, 8202, 10966, 12391, 12958, 12985]"
541,541-South West Africa.txt,kept,
542,542-Bechuana Land.txt,kept,
543,543-Madagascar.txt,kept,
544,544-East Africa.txt,rebased,"manpower 1226000->4125000; provinces +[] -[2120, 2123, 2159, 2180, 2202, 2217, 5155, 5164, 10972, 12935, 12950, 12971]"
545,545-Rhodessa.txt,kept,
546,546-Tanganyika.txt,kept,
547,547-East Africa.txt,rebased,"manpower 1085440->3392000; provinces +[] -[5160, 5196, 5210, 6020, 8133, 10761, 10860, 10976, 11145, 12927]"
548,548-Uganda.txt,kept,
549,549-Sudan.txt,rebased,"manpower 1802132->3694293; provinces +[] -[1914, 1953, 1960, 2096, 4918, 5060, 7996, 10764, 10857, 10859, 10877, 10908, 12800, 12887]"
550,550-Eritrea.txt,kept,
551,551-Khartoum.txt,rebased,"manpower 821003->1993507; provinces +[] -[1977, 2003, 2088, 10743, 10784, 10902, 12725, 12862]"
552,552-Western Egypt.txt,kept,
553,553-Lebanon.txt,kept,
554,554-Syria.txt,kept,
555,555-Lagos.txt,kept,
556,556-Mali.txt,rebased,"manpower 1662391->3324782; provinces +[] -[2012, 2044, 5101, 7930, 7954, 10788, 10812, 10829, 10915, 12751, 12838]"
557,557-Mauritania.txt,kept,
558,558-Nigeria.txt,kept,
559,559-Somaliland.txt,rebased,"manpower 771671->1028895; provinces +[] -[11014, 12941]"
560,560-TS 2.txt,kept,
561,561-TS 3.txt,kept,
562,562-TS 4.txt,kept,
563,563-TS 5.txt,kept,
564,564-TS 6.txt,kept,
565,565-TS 7.txt,kept,
566,566-TS 8.txt,kept,
567,567-TS 9.txt,kept,
568,568-TS 10.txt,kept,
569,569-TS 11.txt,kept,
570,570-TS 12.txt,kept,
571,571-TS 13.txt,kept,
572,572-TS 14.txt,kept,
573,573-Ts 15.txt,kept,
574,574-Siberia 1.txt,kept,
575,575-Siberia 2.txt,kept,
576,576-Siberia 3.txt,kept,
577,577-Siberia 4.txt,kept,
578,578-Siberia 5.txt,kept,
579,579-Siberia 6.txt,kept,
580,580-Siberia 7.txt,kept,
581,581-Northern Urals.txt,kept,
582,582-Sourthern Urals.txt,kept,
583,583-Kazakhstan.txt,kept,
584,584-Turkmenistan.txt,rebased,"manpower 931458->1064523; vps {12333: 1.0}; provinces +[] -[1493, 1649, 7618, 10485]"
585,585-Uzbekistan.txt,kept,
586,586-Kyrgyzstan.txt,kept,
587,587-Western Kazakstan.txt,kept,
588,588-Some Mountains.txt,kept,
589,589-Eastern Kazakhstan.txt,kept,
590,590-Northern Kazakhstan.txt,kept,
591,591-Hainan.txt,rebased,"manpower 3480000->17060135; vps {1070: 1.0}; provinces +[] -[4160, 7135]"
592,592-Guangzhou.txt,kept,
593,593-Guangdong.txt,rebased,manpower 12700000->60992198; provinces +[10121] -[]
594,594-Nanning.txt,rebased,"manpower 3275000->29965814; provinces +[1469, 1625, 4028, 4077, 4085, 4628, 4656, 7650, 10459] -[1018, 4023, 7192, 10004, 10105, 11926]"
595,595-Fujian.txt,kept,
596,596-Zhejiang.txt,kept,
597,597-Shandong.txt,rebased,"manpower 12791066->95575325; category rural->town; provinces +[] -[1069, 1084, 1124, 4037, 4071, 4181, 7055, 7160, 7189, 9987, 10043, 10072, 10102, 11933, 11962, 12015, 12045, 12069, 12093]"
598,598-Jiansu.txt,rebased,"manpower 23669300->39010760; provinces +[] -[4148, 7200, 9956]"
599,599-Guanxi.txt,rebased,"manpower 8685200->26985594; vps {10404: 3.0}; provinces +[] -[1469, 1625, 4028, 4077, 4085, 4628, 4656, 7650, 10121, 10459]"
600,600-Jiangxi.txt,rebased,manpower 15820400->45188635; provinces +[1036] -[]
601,601-China 1.txt,kept,
602,602-China 2.txt,rebased,manpower 20293700->57160630; provinces +[4631] -[]
603,603-China 3.txt,rebased,"manpower 7543200->28657005; provinces +[] -[4192, 5072, 12841]"
604,604-China 4.txt,kept,
605,605-China 5.txt,rebased,"manpower 2724437->115729025; category rural->city; provinces +[4041, 4141, 7948, 10304, 10822] -[1367, 1395, 4925, 6999, 7240, 8026, 10132, 12705, 12767]"
606,606-China 6.txt,rebased,"provinces +[7637, 9959] -[1146]"
607,607-China 7.txt,rebased,"vps {9958: 1.0}; provinces +[4058] -[4010, 4114, 7129]"
608,608-Beijing.txt,kept,
609,609-China 8.txt,rebased,manpower 6960000->10854862; provinces +[9905] -[6969]
610,610-China 9.txt,rebased,manpower 1975377->9343018; provinces +[6969] -[9905]
611,611-China 10.txt,rebased,"manpower 1470000->4118908; vps {11752: 3.0}; provinces +[13379] -[1137, 1590, 6904, 9776]"
612,612-China 11.txt,kept,
613,613-China 12.txt,rebased,"manpower 6180392->70611151; provinces +[] -[996, 1089, 4091, 7120, 10076, 11913, 11928, 11982, 13142]"
614,614-China 13.txt,rebased,"manpower 18434900->23027432; provinces +[4114] -[4058, 7092, 10003, 10119, 11980]"
615,615-Shanxi.txt,kept,
616,616-China 14.txt,rebased,"manpower 1077600->2077600; provinces +[] -[5057, 5100, 12327, 12776]"
617,617-Xinjiang.txt,kept,
618,618-China 15.txt,kept,
619,619-China 16.txt,rebased,"provinces +[] -[1970, 5016, 7790, 8112]"
620,620-China 17.txt,rebased,"manpower 20433280->55156150; category town->city; provinces +[] -[1036, 4619, 4631, 7167, 7637, 7948, 9959, 12467]"
621,621-China 18.txt,rebased,"manpower 1582100->9400521; provinces +[] -[7048, 12331]"
622,622-China 19.txt,rebased,"manpower 1278000->16277737; category town->city; provinces +[] -[517, 1458, 5007, 7208, 7314, 7659, 8049, 10733, 12156]"
623,623-Luzon.txt,rebased,"manpower 818940->32543796; category rural->city; provinces +[] -[1388, 1415, 4233, 4423, 10280, 12253]"
624,624-Central islands.txt,rebased,"manpower 1117695->12457934; provinces +[] -[4288, 10272]"
625,625-Samar.txt,kept,
626,626-Palawan.txt,kept,
627,627-Mindanao.txt,rebased,"manpower 815609->25537691; vps {4241: 3.0}; provinces +[] -[1293, 1379, 1421, 4399, 4427, 7360, 7389, 7417, 10184, 10214, 10243, 10300, 12160, 12188, 12217, 12245, 12273]"
628,628-Cebu.txt,kept,
629,629-Hawaii.txt,kept,
630,630-Johnston Atoll.txt,kept,
631,631-Midway Island.txt,kept,
632,632-Wake Island.txt,kept,
633,633-Marshall Islands.txt,kept,
634,634-Solomon Islands.txt,rebased,"manpower 120000->707851; category large_island->small_island; provinces +[] -[1358, 4226, 4378, 10234]"
635,635-New Caledonia.txt,rebased,"manpower 31876->51876; provinces +[] -[1237, 4247, 12120]"
636,636-Fiji.txt,kept,
637,637-State 1.txt,kept,
638,638-Guam.txt,kept,
639,639-Maiana.txt,kept,
640,640-Stae 2.txt,rebased,"manpower 158241->3944600; vps {1492: 1.0}; provinces +[4626] -[1082, 1170, 1197, 1566, 1607, 1934, 2061, 4087, 4175, 4210, 4318, 4425, 4588, 4654, 4996, 7400, 7603, 7647, 7909, 7974, 8063, 10386, 10486, 10920, 12317, 12335, 12363, 12464, 12492]"
641,641-Tahiti.txt,kept,
642,642-Phoenix Island.txt,kept,
643,643-Fongafale.txt,kept,
644,644-state 3.txt,kept,
645,645-Iwo Jima.txt,kept,
646,646-Saipan.txt,kept,
647,647-Palau.txt,kept,
648,648-Marcus Island.txt,kept,
649,649-Galapagos Islands.txt,kept,
650,650-Attu Island.txt,kept,
651,651-Sov state 5.txt,kept,
652,652-Sov state 6.txt,kept,
653,653-Sov state 7.txt,kept,
654,654-sov state 8.txt,kept,
655,655-North Sakhalin.txt,kept,
656,656-Kuwait.txt,rebased,"manpower 80000->4250000; provinces +[13366, 13367] -[]"
657,657-Border state.txt,kept,
658,658-Arab UK 1.txt,kept,
659,659-Arabian UK 2.txt,rebased,"manpower 871202->891505; provinces +[] -[5074, 8000]"
660,660-Equatorial Africa.txt,kept,
661,661-Tripolitania.txt,kept,
662,662-Sirte.txt,kept,
663,663-Cyrenaica.txt,kept,
664,664-Southern Slovakia.txt,kept,
665,665-Gabes.txt,kept,
666,666-Norrnorrland.txt,kept,
667,667-Lesser  Sunda Islands.txt,rebased,"manpower 973854->20563264; category rural->town; provinces +[13384, 13387, 13388, 13389, 13390, 13391, 13392] -[1298, 1339, 1355, 4273, 4301, 4358, 7321, 10175, 10219, 12151]"
668,668-The Moluccas.txt,kept,
669,669-Dutch New Guinea.txt,rebased,"manpower 314300->5601868; category rural->pastoral; vps {12371: 1.0}; provinces +[] -[1602, 1617, 1629, 4593, 7627, 8235, 8250, 10505, 12457]"
670,670-Laos.txt,rebased,"manpower 1114000->7425000; vps {1464: 1.0}; provinces +[] -[1374, 1563, 1577, 1592, 4554, 7426, 10330, 10356, 10453, 10456, 12210]"
671,671-Annam.txt,rebased,"manpower 8528000->11528000; vps {4075: 1.0}; provinces +[] -[1248, 1302, 4255, 4379, 4397, 7229, 7280, 9988, 10016, 10137, 10180, 10309, 11909, 11936, 12297]"
672,672-Sumatra.txt,kept,
673,673-Sulawesi.txt,rebased,"manpower 3215437->20304437; category rural->town; vps {10263: 3.0}; provinces +[] -[1098, 1289, 1484, 1505, 1518, 1561, 4262, 4307, 4493, 4537, 7311, 10153, 10169, 10197, 12358]"
674,674-Central Australia.txt,rebased,"manpower 10000->3406242; category pastoral->wasteland; provinces +[] -[2133, 2177, 2186, 2205, 5206, 8134, 8155, 8206, 10336, 10473, 10936, 10955, 12904, 12912, 12926, 13171]"
675,675-Al Hajara.txt,kept,
676,676-Mosul.txt,kept,
677,677-Aleppo.txt,kept,
678,678-Rub al Khali.txt,kept,
679,679-Hejaz.txt,kept,
680,680-Deir-az-Zur.txt,kept,
681,681-Soviet Lakes.txt,kept,
682,682-Northern Ontario.txt,kept,
683,683-Northeastern Canada.txt,kept,
684,684-Caroline Islands.txt,kept,
685,685-Panama Canal.txt,kept,
686,686-Puerto Rico.txt,kept,
687,687-British Guyana.txt,kept,
688,688-Chaco Boreal.txt,kept,
689,689-Jamaica.txt,kept,
690,690-Bahama Islands.txt,kept,
691,691-Trinidad.txt,kept,
692,692-Windward Islands.txt,kept,
693,693-Southern Bahamas.txt,kept,
694,694-French Caribbean.txt,kept,
695,695-Curacao.txt,kept,
696,696-Bermuda.txt,kept,
697,697-Madeira.txt,kept,
698,698-Azores.txt,kept,
699,699-Rio de Oro.txt,kept,
700,700-Sierra Leone.txt,kept,
701,701-Gambia.txt,kept,
702,702-Cape Verde.txt,kept,
703,703-Ascension.txt,kept,
704,704-Saint Helena.txt,kept,
705,705-Sao Tome.txt,kept,
706,706-Reunion.txt,kept,
707,707-Mauritius.txt,kept,
708,708-Comoro Islands.txt,kept,
709,709-Seychelles.txt,kept,
710,710-Diego Garcia.txt,kept,
711,711-Christmas Island.txt,kept,
712,712-Cocos Islands.txt,kept,
713,713-Kerguelen.txt,kept,
714,714-Heilungkiang.txt,kept,
715,715-Liaoning.txt,kept,
716,716-Liaotung.txt,kept,
717,717-Chuho.txt,rebased,"manpower 5224174->9833526; provinces +[] -[810, 3815, 3843, 5427]"
718,718-Stanleyville.txt,kept,
719,719-Natal.txt,rebased,"manpower 3962157->15280000; category city->large_city; provinces +[4556, 7900] -[]"
720,720-South Georgia.txt,kept,
721,721-Portuguese Timor.txt,kept,
722,722-Petsamo.txt,kept,
723,723-Southern Island.txt,rebased,"manpower 347198->1201300; vps {2197: 1.0}; provinces +[] -[2211, 4819, 7839, 8204, 8232, 8241, 10650, 12632, 12980, 12988]"
724,724-Khorat.txt,kept,
725,725-Nauru.txt,kept,
726,726-Samoa.txt,rebased,manpower 113214->123214; vps {7290: 1.0}; provinces +[13412] -[13080]
727,727-Line Islands.txt,kept,
728,728-Guangzhouwan.txt,kept,
729,729-Macau.txt,kept,
730,730-St Pierre and Miquelon .txt,kept,
731,731-Central Macedonia.txt,kept,
732,732-Pamir.txt,kept,
733,733-Andaman.txt,kept,
734,734-Nendo.txt,kept,
735,735-Savoy.txt,kept,
736,736-Istria.txt,rebased,manpower 1038159->1063159; vps {6626: 1.0}; provinces +[] -[11735]
737,737-New Britain.txt,kept,
738,738-Aru Islands.txt,rebased,manpower 36146->93722; provinces +[13400] -[]
739,739-Haida Gwaii.txt,kept,
740,740-Vancouver Island.txt,kept,
741,741-Cambodia.txt,rebased,"manpower 4245000->16590000; vps {7376: 1.0}; provinces +[13411] -[4251, 10134, 10177, 10467, 12447, 12460]"
742,742-Stalinabad.txt,kept,
743,743-Qingdao.txt,kept,
744,744-Xian.txt,kept,
745,745-Dalian.txt,kept,
746,746-Ordos.txt,kept,
747,747-Dali Bai.txt,kept,
748,748-Zunyi.txt,rebased,"manpower 1500000->12648546; provinces +[] -[4141, 4431, 11972]"
749,749-Huangshan.txt,rebased,manpower 5000000->12289468; provinces +[] -[1099]
750,750-Changde.txt,rebased,"manpower 8000000->9284234; provinces +[] -[4041, 10304, 10822]"
751,751-Liangshan.txt,rebased,"manpower 300000->9146554; provinces +[] -[1999, 12141, 12819]"
752,752-Chamdo.txt,rebased,manpower 300000->1107431; provinces +[1999] -[]
753,753-Gannan.txt,kept,
754,754-Golog.txt,rebased,vps {12732: 3.0}; provinces +[13380] -[]
755,755-Haixi.txt,rebased,provinces +[13381] -[]
756,756-Jiuquan.txt,rebased,"manpower 550000->2761746; provinces +[] -[4783, 7727, 7803, 8102, 10770, 10899]"
757,757-Shigatse.txt,kept,
758,758-Ngari.txt,kept,
759,759-Kunlun.txt,rebased,"provinces +[] -[1943, 10315]"
760,760-Dabancheng.txt,kept,
761,761-Hulunbuir.txt,kept,
762,762-Katowice.txt,kept,
763,763-Konigsberg.txt,kept,
764,764-West Banat.txt,kept,
765,765-Qatar.txt,kept,
766,766-Southern Bessarabia.txt,kept,
767,767-North Darfur.txt,kept,
768,768-Rwanda.txt,kept,
769,769-Burundi.txt,kept,
770,770-Malawi.txt,kept,
771,771-Zambia.txt,rebased,"manpower 690045->19470000; vps {5199: 1.0}; provinces +[] -[697, 7872, 10538, 12677]"
772,772-Middle Congo.txt,kept,
773,773-Cameroon.txt,kept,
774,774-Chad.txt,kept,
775,775-B.E.T..txt,kept,
776,776-Dahomey.txt,kept,
777,777-Togo.txt,kept,
778,778-Upper Volta.txt,kept,
779,779-Ivory Coast.txt,kept,
780,780-Guinea.txt,kept,
781,781-Niger.txt,kept,
782,782-Tombouctou.txt,kept,
783,783-Sidi Ifni.txt,kept,
784,784-Ermland-Masuren.txt,kept,
785,785-Picardy.txt,kept,
786,786-Mauritanian Desert.txt,kept,
787,787-North Kashmir.txt,kept,
788,788-Salamanca.txt,kept,
789,789-Cordoba.txt,kept,
790,790-Asturias.txt,kept,
791,791-Valladolid.txt,kept,
792,792-Basque Country.txt,kept,
793,793-Guadalajara.txt,kept,
794,794-Eastern Aragon.txt,kept,
795,795-Santarem.txt,kept,
796,796-North Angola.txt,kept,
797,797-Istanbul.txt,kept,
798,798-Amasya.txt,kept,
799,799-Hatay.txt,kept,
800,800-Van.txt,kept,
801,801-Moesia.txt,kept,
802,802-Kosovo.txt,kept,
803,803-Southern Serbia.txt,kept,
804,804-Herzegovina.txt,kept,
805,805-Northern Epirus.txt,kept,
806,806-French Basque Country.txt,kept,
807,807-Gdynia.txt,kept,
808,808-Riga.txt,kept,
809,809-Latgale.txt,kept,
810,810-Zemgale.txt,rebased,manpower 600250->422000; provinces +[319] -[]
811,811-Saaremaa.txt,kept,
812,812-Tallinn.txt,kept,
813,813-Rakvere.txt,kept,
814,814-Suduva.txt,kept,
815,815-Aukstaitija.txt,kept,
816,816-West Virginia.txt,kept,
817,817-Gobi.txt,kept,
818,818-Khovd.txt,kept,
819,819-Dornod.txt,kept,
820,820-Khovsgol.txt,kept,
821,821 - Chenchnya-Ingushetia.txt,kept,
822,822 - Chukotka.txt,kept,
823,823 - Karakalpakstan.txt,kept,
824,824 - Yamalia.txt,kept,
825,825 - Nenetsia.txt,kept,
826,826 - Abkhazia.txt,kept,
827,827 - Kabardino-Balkaria.txt,kept,
828,828 - North Ossetia.txt,kept,
829,829 - Volga Germany.txt,kept,
830,830 - Bukhara.txt,kept,
831,831 - Khiva.txt,kept,
832,832 - Dashhowuz.txt,kept,
833,833 - Mari El.txt,kept,
834,834 - Balta.txt,kept,
835,835-Haraghe.txt,kept,
836,836-Bale.txt,kept,
837,837-Sidamo.txt,kept,
838,838-Illubabor.txt,kept,
839,839-Welega.txt,kept,
840,840-Gojjam.txt,kept,
841,841-Begemder.txt,kept,
842,842-Tigray.txt,kept,
843,843-Wello.txt,kept,
844,844-jubaland.txt,kept,
845,845-Jura Mountains.txt,kept,
846,846-Ticino.txt,kept,
847,847-Western Swiss Alps.txt,kept,
848,848-Voralberg.txt,kept,
849,849-Puglia.txt,kept,
850,850-Trentino.txt,kept,
851,851-Var.txt,kept,
852,852-Istria.txt,kept,
853,853-Ljubljana.txt,kept,
854,854-Jawf.txt,kept,
855,855-Tabuk.txt,kept,
856,856-Asir-Makkah.txt,kept,
857,857-Ha'il.txt,kept,
858,858-Najiran.txt,kept,
859,859-Dammam.txt,kept,
860,860-Cote-Nord.txt,kept,
861,861-Saguenay.txt,kept,
862,862-ouest du quebec.txt,kept,
863,863-Maurice.txt,kept,
864,864-Yukon.txt,kept,
865,865-Northern Saskatchewan.txt,kept,
866,866-Districts of Ontario.txt,kept,
867,867-Northern Manitoba.txt,kept,
868,868-Isan.txt,kept,
869,869-Lanna.txt,kept,
870,870-North West Australia.txt,kept,
871,871-South West Australia.txt,kept,
872,872-North Queensland.txt,kept,
873,873-South West Queensland.txt,kept,
874,874-Magadan.txt,kept,
875,875-Chukchi Peninsulay.txt,kept,
876,876-Udachny.txt,kept,
877,877-Verkhoyansk.txt,kept,
878,878-Khatangsky.txt,kept,
879,879-Kargopol.txt,kept,
880,880-Kotlas.txt,kept,
881,881-Karagandy.txt,kept,
882,882-Pavlodar.txt,kept,
883,883-Kassala.txt,kept,
884,884-Upper Nile.txt,kept,
885,885-Bahr al Ghazal.txt,kept,
886,886-Blue Nile.txt,kept,
887,887-South Darfur.txt,kept,
888,888-Lusambo.txt,kept,
889,889-Elisabethville.txt,kept,
890,890-Costermansville.txt,kept,
891,891-Zambesi.txt,rebased,manpower 640000->2747825; provinces +[13372] -[]
892,892-South West Angola.txt,kept,
893,893-Karas.txt,kept,
894,894-Kuneme.txt,kept,
895,895-Kavango.txt,kept,
896,896-Manica e Sofala.txt,kept,
897,897-Zambezia-Mocambique.txt,kept,
898,898-Gao.txt,kept,
899,899-Kayes-Koulikoro.txt,kept,
900,900-Benue.txt,kept,
901,901-Borno.txt,kept,
902,902-Sokoto.txt,kept,
903,903-Garissa.txt,kept,
904,904-Nyanza-Rift Valley.txt,kept,
905,905-Mombasa.txt,kept,
906,906-Socotra.txt,kept,
907,907-Cairo.txt,kept,
908,908-Afar.txt,kept,
909,909-South Schleswig.txt,kept,
910,910-Bornholm.txt,kept,
911,911-Fyn.txt,kept,
912,912-Sonderjylland.txt,kept,
913,913-Ostergotland.txt,kept,
914,914-JanMayen.txt,kept,
915,915-Bohuslan.txt,kept,
916,916-Dalarna.txt,kept,
917,917-Jamtland.txt,kept,
918,918-Vasterbotten.txt,kept,
919,919-Varmland.txt,kept,
920,920-Opplandene.txt,kept,
921,921-Telemark.txt,kept,
922,922-Agder.txt,kept,
923,923-Helgeland.txt,kept,
924,924-Troms.txt,kept,
925,925-Finnmark.txt,kept,
926,926-Turku.txt,kept,
927,927-Hame.txt,kept,
928,928-Kyme.txt,kept,
929,929-Oulu.txt,kept,
930,930-Mikkeli.txt,kept,
931,931-Cumbria.txt,kept,
932,932-Isle of Man.txt,kept,
933,933-Shetland.txt,kept,
934,934-Shkoder.txt,kept,
935,935 - Ceara.txt,kept,
936,936 - Pernambuco.txt,kept,
937,937 - Piaui.txt,kept,
938,938 - Para.txt,kept,
939,939 - Amapa.txt,kept,
940,940 - Acre.txt,kept,
941,941 - Tocantins.txt,kept,
942,942 - Rondonia.txt,kept,
943,943 - Espirito Santo.txt,kept,
944,944 - Parana.txt,kept,
945,945 - Cerro Largo.txt,kept,
946,946 - Paysandu.txt,kept,
947,947 - Tacna.txt,kept,
948,948 - Easter Island.txt,kept,
949,949 - Aysen.txt,kept,
950,950 - Araucania.txt,kept,
951,951 - Arica.txt,kept,
952,952 - Atacama.txt,kept,
953,953 - Tierra del Fuego.txt,kept,
954,954 - Santa Cruz.txt,kept,
955,955 - Chubut.txt,kept,
956,956 - Santa Fe.txt,kept,
957,957 - Formosa.txt,kept,
958,958 - San Luis.txt,kept,
959,959 - Los Andes.txt,kept,
960,960 - San Juan.txt,kept,
961,961-Deep Amazonas.txt,kept,
962,962-Deep Amazonas.txt,kept,
963,963-Deep Amazonas.txt,kept,
964,964-Deep Amazonas.txt,kept,
965,965-Deep Amazonas.txt,kept,
966,966-Deep Amazonas.txt,kept,
967,967-Deep Amazonas.txt,kept,
968,968-Deep Amazonas.txt,kept,
969,969-Rio Branco.txt,kept,
970,970 - Western Macedonia.txt,kept,
971,971 - Northern Dobruja.txt,kept,
972,972 - South Sudetenland.txt,kept,
973,973 - Bacs.txt,kept,
974,974 - South Transdanubia.txt,kept,
975,975 - Burgenland.txt,kept,
976,976 - Steiermark Karnten.txt,kept,
977,977 - Antwerp.txt,kept,
978,978 - Actual Baden.txt,kept,
979,979 - Kaiser Wilhelms Land.txt,rebased,"manpower 190000->359000; provinces +[] -[5135, 11018, 12428]"
980,980 - Ardennes.txt,kept,
981,981 - Barotseland.txt,kept,
982,982-Singapore.txt,kept,
983,983 - Deccan States.txt,kept,
984,984 - Bastar.txt,kept,
985,985 - Sikkim.txt,kept,
986,986 - East Punjab.txt,kept,
987,987 - Waziristan.txt,kept,
988,988-Baluchistan.txt,kept,
989,989-Bahawalpur.txt,rebased,"manpower 984612->1228560; provinces +[12041, 12718, 12876] -[]"
990,990-Manipur.txt,kept,
991,991-Gwalior.txt,kept,
992,992-Province of Aden.txt,kept,
993,993-Kentung and Yawnghwe.txt,kept,
994,994-Tenasserim.txt,kept,
995,995-Pegu.txt,kept,
996,996-Irrawaddy.txt,kept,
997,997-Arakan.txt,kept,
998,998-Sagaing.txt,kept,
999,999-Federated Shan States.txt,kept,
1000,1000-East Azerbaijan.txt,kept,
1001,1001-Kurdistan.txt,kept,
1002,1002-Yazd.txt,kept,
1003,1003-South Khorasan.txt,kept,
1004,1004-North Khorasan.txt,kept,
1005,1005-Qataghan.txt,kept,
1006,1006-Khyber Pass.txt,kept,
1007,1007-Maymanah.txt,kept,
1008,1008-Qandahar.txt,kept,
1009,1009-Farah.txt,kept,
1010,1010-Al Anbar.txt,kept,
1011,1011-Al Basrah.txt,kept,
1012,1012-Kalat.txt,kept,
1013,1013 -Musamdam.txt,kept,
1014,1014 - Bahrain.txt,kept,
1015,1015 - Interior Oman.txt,kept,
1016,1016 - Dhofar.txt,kept,
1017,1017 - Trung Bo.txt,kept,
1018,1018 - South Kyushu.txt,kept,
1019,1019 - South Tohoku.txt,kept,
1020,1020 - Sanin.txt,kept,
1021,1021 - Actual Singapore.txt,kept,
1022,1022 - Interior Borneo.txt,kept,
1023,1023 - Brunei.txt,kept,
1024,1024 - Sabah.txt,kept,
1025,1025 - Zamboanga.txt,kept,
1026,1026 - North Mindanao.txt,kept,
1027,1027 - Bataan.txt,kept,
1028,1028 - Hamgyong.txt,kept,
1029,1029 - Gangwon.txt,kept,
1030,1030 - Gyeongsang.txt,kept,
1031,1031 - Chungcheong Jeolla.txt,kept,
1032,1032 - Yanan.txt,kept,
1033,1033 - Fangchenggang.txt,kept,
1034,1034 - Suzhou.txt,kept,
1035,1035 - Nanjing.txt,kept,
1036,1036 - Wuhan.txt,kept,
1037,1037 - Chongqing.txt,kept,
1038,1038 - Jinan.txt,kept,
1039,1039 - Hebei-Chahar.txt,kept,
1040,1040 - Alxa.txt,kept,
1041,1041 - Chengdu.txt,kept,
1042,1042 - Khotan.txt,kept,
1043,1043 - Pailingmiao.txt,kept,
1044,1044 - Wuwei.txt,kept,
1045,1045 - Guyuan.txt,kept,
1046,1046 - Yulin.txt,kept,
1047,1047-Bangka-Belitung.txt,kept,
1048,1048-Padang.txt,kept,
1049,1049-Medan and Riouw.txt,kept,
1050,1050-Ajteh.txt,kept,
1051,1051-East Java.txt,kept,
1052,1052-Bali.txt,kept,
1053,1053-East Nusa Tenggara.txt,kept,
1054,1054-Dutch Timor.txt,kept,
1055,1055-Eastern Kalimantan.txt,kept,
1056,1056-Manado.txt,kept,
1057,1057-Dutch Southern New Guinea.txt,kept,
1058,1058-Batavia.txt,kept,
1059,1059 - Limbang.txt,kept,
1060,1060 - Johor.txt,kept,
1061,1061 - Perlis Kedah.txt,kept,
1062,1062 - Kelantan.txt,kept,
1063,1063 - Pahang.txt,kept,
1064,1064 - Perak.txt,kept,
1065,1065 - Penang.txt,kept,
1066,1066 - Mekong Delta.txt,kept,
1067,1067 - Battambang.txt,kept,
1068,1068 - Bassac.txt,kept,
1069,1069 - Lan Chang.txt,kept,
1070,1070 - Bougainville.txt,kept,
1071,1071 - Vanuatu.txt,kept,
1072,1072 - American Samoa.txt,kept,
1073,1073 - Interior Papua.txt,kept,
1074,1074 - Gibson Desert.txt,kept,
1075,1075 - West Queensland.txt,kept,
1076,1076 - Bangkok.txt,kept,
1077,1077 - Central Siam.txt,kept,
1078,1078 - Eastern Siam.txt,kept,
1079,1079-Auckland.txt,kept,
1080,1080 - Marlborough.txt,kept,
1081,1081 - Otago.txt,kept,
,1082-Transnistria.txt,removed_not_in_vanilla,
,1083-Turks and Caicos Islands.txt,removed_not_in_vanilla,
,1084-Lesotho.txt,removed_not_in_vanilla,
,1085-Swaziland.txt,removed_not_in_vanilla,
,1086-Aksai Chin.txt,removed_not_in_vanilla,
,1087-Ceuta.txt,removed_not_in_vanilla,
,1088-Melilla.txt,removed_not_in_vanilla,
,1089-Andorra.txt,removed_not_in_vanilla,
,1090-Gurdaspur.txt,removed_not_in_vanilla,
,1091-West Bank.txt,removed_not_in_vanilla,
,1092-Gaza.txt,removed_not_in_vanilla,
,1093-Nakhchivan.txt,removed_not_in_vanilla,
,1094-Halaib Triangle.txt,removed_not_in_vanilla,
