tag,country,gdp_ppp_bn,industry_mult,milex_pct,arms_industry,dockyards,notes
USA,United States,10250,1.0,3.0,1.0,16,"Newport News, Bath, Groton, Pascagoula, San Diego, Puget Sound"
PRC,China,3680,1.25,1.9,0.9,10,"Shanghai, Dalian, Guangzhou yards; manufacturing ~32% of GDP"
JAP,Japan,3380,1.1,1.0,0.7,22,"~40% of world shipbuilding (Nagasaki, Kure, Kobe, Yokohama)"
GER,Germany,2240,1.1,1.5,0.9,6,"Kiel HDW, Hamburg Blohm+Voss, Bremen"
RAJ,India,2150,1.0,3.0,0.6,3,"Mazagon (Mumbai), Garden Reach (Kolkata), Visakhapatnam"
FRA,France,1570,1.0,2.5,1.0,5,"DCN Brest, Lorient, Cherbourg, Chantiers de l'Atlantique"
ENG,United Kingdom,1570,0.95,2.4,1.0,5,"Barrow, Clyde, Rosyth, Belfast"
ITA,Italy,1520,1.05,2.0,0.8,5,"Fincantieri Monfalcone, Genoa, La Spezia"
BRA,Brazil,1470,1.0,1.8,0.5,2,"Embraer/Avibras; Rio de Janeiro yards"
SOV,Russia,1330,1.3,3.7,1.0,6,"Soviet-legacy heavy industry; Severodvinsk, St Petersburg, Komsomolsk"
MEX,Mexico,1060,1.0,0.5,0.1,1,"maquiladora manufacturing"
INS,Indonesia,1000,0.95,0.7,0.3,1,"PT PAL Surabaya"
CAN,Canada,890,0.95,1.1,0.5,1,"Saint John, Halifax"
SPR,Spain,890,1.0,1.2,0.6,4,"Izar/Bazan Ferrol, Cartagena, Cadiz"
KOR,South Korea,850,1.2,2.5,0.7,20,"Ulsan (Hyundai), Geoje (Daewoo, Samsung); ~35% of world shipbuilding"
SAU,Saudi Arabia,750,0.8,10.6,0.1,0,"oil economy"
PER,Iran,690,0.9,3.7,0.5,1,"Bandar Abbas"
TUR,Turkey,640,1.0,3.7,0.5,2,"Golcuk, Tuzla"
TAW,Taiwan,520,1.2,2.6,0.6,3,"CSBC Kaohsiung, Keelung"
AST,Australia,500,0.9,1.8,0.4,1,"Adelaide (ASC), Williamstown"
HOL,Netherlands,490,0.95,1.5,0.5,3,"Damen Vlissingen, Rotterdam"
SIA,Thailand,440,1.05,1.4,0.2,0,"export manufacturing"
ARG,Argentina,440,0.95,1.3,0.3,1,"Tandanor Buenos Aires"
EGY,Egypt,440,0.95,3.2,0.4,1,"Alexandria"
POL,Poland,420,1.05,1.8,0.5,4,"Gdansk, Gdynia, Szczecin"
SAF,South Africa,400,1.0,1.5,0.6,1,"Denel; Durban"
PAK,Pakistan,380,0.95,4.0,0.5,1,"Karachi Shipyard"
PHI,Philippines,300,0.95,1.2,0.1,1,"Cebu"
BEL,Belgium,290,1.0,1.3,0.5,0,"FN Herstal"
COL,Colombia,270,0.95,3.0,0.1,0,""
UAE,United Arab Emirates,270,0.8,5.0,0.1,0,"oil economy"
MAL,Malaysia,250,1.05,1.6,0.2,1,"Lumut"
SWE,Sweden,250,1.05,2.0,0.9,2,"Kockums Karlskrona/Malmo; Saab, Bofors"
SWI,Switzerland,250,0.95,1.1,0.6,0,""
UKR,Ukraine,250,1.3,3.6,0.8,3,"Soviet-legacy industry; Mykolaiv, Kherson, Kharkiv tank works"
BAN,Bangladesh,250,0.9,1.3,0.1,0,""
VEN,Venezuela,250,0.85,1.4,0.1,0,"oil economy"
AUS,Austria,240,1.0,0.8,0.4,0,""
ALG,Algeria,230,0.85,3.5,0.2,0,"hydrocarbons"
NGA,Nigeria,200,0.8,0.8,0.1,0,"oil economy"
GRE,Greece,200,0.9,4.3,0.3,1,"Skaramangas"
POR,Portugal,190,1.0,1.9,0.3,1,"Lisnave, Viana do Castelo"
VIN,Vietnam,180,1.0,2.5,0.2,1,"Hai Phong"
CZE,Czech Republic,180,1.2,2.0,0.6,0,"Tatra, Aero Vodochody"
ROM,Romania,170,1.1,2.5,0.5,2,"Constanta, Mangalia, Galati"
NOR,Norway,170,0.9,1.8,0.5,3,"Ulstein, Kleven, Aker"
DEN,Denmark,160,1.0,1.5,0.3,3,"Odense (Maersk), Aarhus"
CHL,Chile,150,0.95,3.7,0.3,1,"ASMAR Talcahuano"
SIN,Singapore,150,1.0,4.6,0.6,2,"Keppel, Sembawang"
KUW,Kuwait,140,0.8,7.0,0.0,0,"oil economy"
FIN,Finland,140,1.1,1.3,0.6,3,"Kvaerner Masa Turku, Helsinki, Rauma"
ISR,Israel,140,1.0,8.0,0.9,0,"IMI, IAI, Rafael"
HUN,Hungary,130,1.1,1.7,0.3,0,""
IRE,Ireland,130,1.0,0.7,0.0,0,""
PRU,Peru,130,0.95,1.8,0.1,0,""
SYR,Syria,130,0.9,5.5,0.2,0,""
MOR,Morocco,110,0.95,4.2,0.1,0,""
KAZ,Kazakhstan,110,1.05,0.8,0.2,0,""
IRQ,Iraq,100,0.8,8.0,0.3,0,"under UN sanctions"
NZL,New Zealand,85,0.9,1.2,0.1,0,""
LBA,Libya,80,0.8,3.0,0.1,0,"oil economy"
QAT,Qatar,70,0.8,4.0,0.0,0,"gas economy"
BLR,Belarus,70,1.2,1.3,0.5,0,"Soviet-legacy industry (MAZ, BelAZ)"
SRL,Sri Lanka,70,0.9,4.5,0.1,0,""
CUB,Cuba,70,0.9,2.0,0.1,0,""
SLO,Slovakia,60,1.15,1.8,0.4,0,""
UZB,Uzbekistan,60,1.0,1.7,0.2,0,""
ECU,Ecuador,60,0.9,1.7,0.0,0,""
TUN,Tunisia,60,0.95,1.7,0.0,0,""
DOM,Dominican Republic,60,0.9,0.7,0.0,0,""
OMA,Oman,60,0.8,11.0,0.0,0,"oil economy"
GUA,Guatemala,55,0.9,0.8,0.0,0,""
BRM,Burma,50,0.9,2.3,0.1,0,""
SER,FR Yugoslavia,50,1.05,5.0,0.5,0,"post-1999 war; Zastava Kragujevac"
BUL,Bulgaria,50,1.05,2.7,0.5,1,"Varna"
KEN,Kenya,50,0.9,1.7,0.1,0,""
SUD,Sudan,45,0.85,3.0,0.1,0,"civil war"
CRO,Croatia,45,1.0,3.0,0.3,2,"Uljanik Pula, Brodosplit"
YEM,Yemen,40,0.8,5.0,0.0,0,""
JOR,Jordan,25,0.9,6.0,0.1,0,""
LEB,Lebanon,40,0.9,5.0,0.0,0,""
SLV,Slovenia,35,1.1,1.1,0.2,0,""
IVO,Ivory Coast,35,0.9,0.9,0.0,0,""
ETH,Ethiopia,30,0.85,9.0,0.1,0,"war with Eritrea"
LIT,Lithuania,30,1.0,1.7,0.1,0,""
CMR,Cameroon,30,0.9,1.3,0.0,0,""
ELS,El Salvador,30,0.9,0.9,0.0,0,""
GHA,Ghana,30,0.9,0.8,0.0,0,""
URG,Uruguay,30,0.95,1.3,0.0,0,""
NRK,North Korea,30,1.2,20.0,0.6,1,"songun military economy; Nampo"
ANG,Angola,30,0.8,6.0,0.0,0,"civil war; oil"
AZR,Azerbaijan,25,0.9,2.5,0.1,0,"oil"
TZN,Tanzania,25,0.85,1.3,0.0,0,""
PAR,Paraguay,25,0.9,1.0,0.0,0,""
BOL,Bolivia,25,0.9,2.0,0.0,0,""
COS,Costa Rica,25,0.95,0.0,0.0,0,"no army"
COG,DR Congo,25,0.8,3.0,0.0,0,"Second Congo War"
NEP,Nepal,25,0.9,1.0,0.0,0,""
ZIM,Zimbabwe,25,0.95,4.5,0.1,0,""
LUX,Luxembourg,22,0.6,0.6,0.0,0,"finance centre"
AFG,Afghanistan,20,0.7,5.0,0.0,0,"civil war"
PAN,Panama,20,0.8,0.0,0.0,0,"canal and services; no army"
UGA,Uganda,20,0.85,2.0,0.0,0,""
TMS,Turkmenistan,20,0.9,3.0,0.0,0,"gas"
LAT,Latvia,18,1.0,1.0,0.0,0,""
JAM,Jamaica,18,0.85,0.5,0.0,0,""
SEN,Senegal,17,0.9,1.3,0.0,0,""
CYP,Cyprus,17,0.9,3.3,0.0,0,""
BOS,Bosnia,15,0.95,3.0,0.2,0,""
HON,Honduras,15,0.9,0.8,0.0,0,""
TRI,Trinidad and Tobago,14,0.9,0.4,0.0,0,"gas and petrochemicals"
EST,Estonia,13,1.0,1.4,0.0,0,""
GEO,Georgia,12,0.9,0.6,0.0,0,""
MAC,Macedonia,12,1.0,2.0,0.0,0,""
ALB,Albania,12,0.9,1.2,0.1,0,""
CAM,Cambodia,12,0.9,2.2,0.0,0,""
GAB,Gabon,12,0.8,1.5,0.0,0,"oil"
BOT,Botswana,12,0.85,3.3,0.0,0,"diamonds"
MAD,Madagascar,12,0.85,1.2,0.0,0,""
ZAM,Zambia,12,0.9,1.0,0.0,0,"copper"
GNA,Guinea,12,0.85,1.5,0.0,0,""
VOL,Burkina Faso,12,0.85,1.3,0.0,0,""
MAU,Mauritius,12,1.0,0.2,0.0,0,""
HAI,Haiti,12,0.85,0.0,0.0,0,""
PNG,Papua New Guinea,12,0.8,0.9,0.0,0,""
MZB,Mozambique,10,0.9,1.3,0.0,0,""
NIC,Nicaragua,10,0.9,1.0,0.0,0,""
NMB,Namibia,10,0.85,2.9,0.0,0,""
MLI,Mali,10,0.85,2.1,0.0,0,""
NGR,Niger,9,0.8,1.2,0.0,0,""
DAH,Benin,9,0.85,1.2,0.0,0,""
ARM,Armenia,8,1.0,3.6,0.1,0,""
KYR,Kyrgyzstan,8,0.9,2.9,0.0,0,""
MOL,Moldova,8,0.95,0.4,0.0,0,""
ICE,Iceland,8,0.9,0.0,0.0,0,"no army"
LAO,Laos,8,0.85,1.0,0.0,0,""
MLT,Malta,7,1.0,0.7,0.0,1,"Malta Drydocks"
MLW,Malawi,7,0.85,0.8,0.0,0,""
RCG,Republic of the Congo,7,0.8,3.0,0.0,0,"oil"
CHA,Chad,7,0.8,2.0,0.0,0,""
BAH,Bahamas,7,0.6,0.6,0.0,0,"tourism and offshore finance"
TAJ,Tajikistan,6,0.9,1.2,0.0,0,""
MON,Mongolia,5,0.9,2.0,0.0,0,""
BAS,British Antilles,5,0.6,0.5,0.0,0,"tourism economies"
ESW,Eswatini,5,0.95,1.5,0.0,0,""
MRT,Mauritania,5,0.8,3.0,0.0,0,""
TOG,Togo,5,0.85,2.0,0.0,0,""
SOM,Somalia,5,0.6,0.0,0.0,0,"no functioning state"
RWA,Rwanda,4,0.85,3.5,0.0,0,""
FIJ,Fiji,4,0.85,1.8,0.0,0,""
BRD,Burundi,3.5,0.8,6.0,0.0,0,"civil war"
CAR,Central African Republic,3,0.8,1.0,0.0,0,""
SIE,Sierra Leone,3,0.7,3.0,0.0,0,"civil war"
ERI,Eritrea,3,0.8,20.0,0.0,0,"war with Ethiopia"
EQG,Equatorial Guinea,3,0.8,1.0,0.0,0,"oil boom beginning"
SUR,Suriname,3,0.8,1.0,0.0,0,""
LES,Lesotho,3,0.9,2.5,0.0,0,""
GYA,Guyana,2.5,0.8,1.0,0.0,0,""
AND,Andorra,2.5,0.6,0.0,0.0,0,"no army"
LIB,Liberia,2,0.6,1.0,0.0,0,""
MLD,Maldives,2,0.7,0.0,0.0,0,"tourism"
GAM,The Gambia,2,0.8,1.0,0.0,0,""
BLZ,Belize,1.5,0.8,1.5,0.0,0,""
CAP,Cape Verde,1.3,0.8,0.8,0.0,0,""
DJI,Djibouti,1.3,0.7,4.0,0.0,0,""
BHU,Bhutan,1.3,0.9,1.0,0.0,0,""
SEY,Seychelles,1.2,0.7,1.5,0.0,0,""
GNB,Guinea-Bissau,1,0.8,3.0,0.0,0,""
TIM,East Timor,1,0.6,0.0,0.0,0,"UN transitional administration"
SOL,Solomon Islands,0.8,0.8,0.0,0.0,0,""
COM,Comoros,0.8,0.8,0.0,0.0,0,""
SAM,Samoa,0.7,0.8,0.0,0.0,0,""
VAN,Vanuatu,0.6,0.8,0.0,0.0,0,""
FSM,Micronesia,0.3,0.8,0.0,0.0,0,""
PAU,Palau,0.2,0.8,0.0,0.0,0,""
MAR,Marshall Islands,0.15,0.8,0.0,0.0,0,""
KIR,Kiribati,0.15,0.8,0.0,0.0,0,""
NAU,Nauru,0.05,0.8,0.0,0.0,0,""
TUV,Tuvalu,0.02,0.8,0.0,0.0,0,""
