key,name,rationale
STATE_805,Gjirokastër,"Northern Epirus is a Greek irredentist term; Albanian region named after Gjirokastër"
STATE_796,Cabinda,Angolan exclave province at this location
VICTORY_POINTS_2115,Cabinda,"Province is at Cabinda (5.3S 11.6E), not Namibe"
STATE_891,Moxico,Eastern Angolan province; Zambesi was a colonial district name
VICTORY_POINTS_10966,Huambo,Nova Lisboa renamed Huambo in 1975
VICTORY_POINTS_11519,Liège,Spelling Liége replaced by Liège in 1946
STATE_94,Brest,Polish-era Polesie Voivodeship; now Brest Region of Belarus
VICTORY_POINTS_560,Pinsk,Polish spelling Pińsk obsolete; Belarusian city Pinsk
VICTORY_POINTS_3392,Brest,Brześć Litewski is the interwar Polish name
STATE_95,Grodno,Nowogródek Voivodeship was interwar Polish; now Grodno Region
VICTORY_POINTS_9304,Baranovichi,Polish spelling Baranowicze obsolete
STATE_96,Molodechno,Wilejka is the interwar Polish powiat spelling
VICTORY_POINTS_406,Molodechno,Polish spelling Mołodeczno obsolete
STATE_542,Botswana,Bechuanaland became Botswana in 1966
STATE_660,Central African Republic,French Equatorial Africa dissolved 1958; CAR independent 1960
STATE_295,Kinshasa,Léopoldville renamed Kinshasa in 1966
VICTORY_POINTS_5117,Kinshasa,Léopoldville renamed Kinshasa in 1966
STATE_538,Équateur,Coquilhatville (Mbandaka) province is Équateur
STATE_718,Orientale,Stanleyville province is Orientale (Kisangani)
STATE_888,Kasai,Lusambo province became Kasai
STATE_889,Katanga,Élisabethville province is Katanga (name restored 1997)
STATE_890,Kivu,Costermansville province became Kivu
STATE_69,North Bohemia,Sudetenland is a Nazi-era construct; region is North/West Bohemia
VICTORY_POINTS_3585,Karlovy Vary,Carlsbad is the German/1930s name
STATE_72,Těšín Silesia,Zaolzie is the Polish irredentist term; Czech part of Cieszyn Silesia
STATE_74,Czech Silesia,Eastern Sudetenland is a 1930s construct; region is Czech Silesia
STATE_972,South Bohemia,South Sudetenland is a 1930s construct
VICTORY_POINTS_6418,Plzeň,Correct Czech spelling
VICTORY_POINTS_10919,Porto-Novo,Official spelling of Benin's capital
VICTORY_POINTS_12723,Bisha,Biscia is the Italian colonial spelling
VICTORY_POINTS_12766,Massawa,Massaua is the Italian colonial spelling
STATE_841,Gondar,Begemder province renamed Gondar
STATE_843,Wollo,Modern spelling (Wollo zones)
VICTORY_POINTS_2072,Mekele,Macallè is the Italian colonial spelling
VICTORY_POINTS_13246,Yirgalem,Irgalem is the Italian colonial spelling
VICTORY_POINTS_13240,Asayita,Aussa is the sultanate name; town is Asayita
VICTORY_POINTS_13243,Dembi Dolo,Sayo is the old name of Dembi Dolo
VICTORY_POINTS_7912,Jimma,Jiren was the old royal seat now part of Jimma
VICTORY_POINTS_3838,Ajaccio,Ajáccio is a misspelling
VICTORY_POINTS_9642,Besançon,Correct French spelling
VICTORY_POINTS_512,Orléans,Correct French spelling
STATE_16,Île-de-France,Correct French spelling
STATE_17,Franche-Comté,Correct French spelling
STATE_31,Midi-Pyrénées,Official region name
STATE_706,Réunion,Correct spelling
STATE_42,Saar-Palatinate,Moselland was a Nazi Gau name; area is Saarland and Rhineland-Palatinate
STATE_164,Dodecanese,Dodecaneso is the Italian colonial name
VICTORY_POINTS_8435,Mytilene,Mitilini/Mytilene; standard English form
VICTORY_POINTS_11610,Pécs,Correct Hungarian spelling
STATE_675,Al Muthanna,Iraqi governorate in the southern desert (Samawah)
VICTORY_POINTS_12413,Ramadi,Standard name of Anbar's capital
VICTORY_POINTS_1065,Nazareth,Standard English name
STATE_406,Atyrau,Guryev renamed Atyrau in 1992
VICTORY_POINTS_3618,Atyrau,Guryev renamed Atyrau in 1992
STATE_402,Aktobe,"Aktyubinsk region, renamed Aktobe in 1999 (Akhtubinsk is a Russian town)"
STATE_450,Benghazi,Standard spelling
VICTORY_POINTS_11954,Benghazi,Bengasi is the Italian colonial spelling
STATE_188,Klaipėda,Memel is the German name; Lithuanian since 1945
VICTORY_POINTS_3288,Klaipėda,Memel is the German name
STATE_784,Vilnius,Wilno is the interwar Polish name
STATE_8,Luxembourg,Standard English spelling
VICTORY_POINTS_6583,Luxembourg,Standard English spelling
STATE_78,Moldova,Bessarabia is a pre-1940 construct; core of the Republic of Moldova
STATE_290,Rif,Spanish protectorate ended 1956; northern Morocco
STATE_699,Western Sahara,Rio de Oro is the Spanish colonial name
STATE_544,Maputo,Lourenço Marques renamed Maputo in 1976
VICTORY_POINTS_8245,Maputo,Lourenço Marques renamed Maputo in 1976
STATE_896,Manica-Sofala,Colonial district Manica e Sofala split into Manica and Sofala provinces
STATE_897,Zambezia-Nampula,Moçambique district renamed Nampula province
VICTORY_POINTS_7982,Bandar Abbas,Standard spelling
STATE_419,West Azerbaijan,Tibriz is an old spelling; this state is West Azerbaijan (Urmia)
VICTORY_POINTS_5098,Kermanshah,Kermānshāhān is the Qajar-era name
STATE_421,Lorestan,Duplicate Kurdistan; this state covers Lorestan/Ilam
STATE_5,Warmia-Masuria,Ermland-Masuren is the German name; Polish since 1945
VICTORY_POINTS_6375,Olsztyn,Allenstein is the German name
STATE_63,West Pomerania,Hinterpommern is the German name; Polish since 1945
VICTORY_POINTS_6282,Szczecin,Stettin is the German name
VICTORY_POINTS_11372,Koszalin,Köslin is the German name
STATE_66,Lower Silesia,Niederschlesien is the German name; Polish since 1945
VICTORY_POINTS_9570,Wrocław,Breslau is the German name
STATE_67,Opole,Oberschlesien is the German name; Opole Silesia
VICTORY_POINTS_9511,Opole,Oppeln is the German name
VICTORY_POINTS_11467,Gliwice,Gleiwitz is the German name
STATE_68,Lubusz,Ostmark is the German name; Polish since 1945
VICTORY_POINTS_3473,Kostrzyn,Küstrin is the German name
STATE_85,Gdańsk,Danzig is the German/Free City name
VICTORY_POINTS_362,Gdańsk,Danzig is the German/Free City name
STATE_86,Poznań,Correct Polish spelling
STATE_87,Łódź,Correct Polish spelling
STATE_772,Congo,Middle Congo is the French colonial name
STATE_76,Cluj,Northern Transylvania is the 1940 Vienna Award construct
VICTORY_POINTS_9670,Deda,Déda is the Hungarian spelling; Romanian village Deda
STATE_275,Gauteng,Transvaal province abolished 1994
STATE_681,Western Cape,Cape Province abolished 1994
STATE_719,KwaZulu-Natal,Natal province became KwaZulu-Natal in 1994
STATE_292,Najd,Modern transliteration
STATE_858,Najran,Najiran is a misspelling
VICTORY_POINTS_6940,Pristina,Standard English spelling in 2000
STATE_736,Primorska,Litorale is the Italian name; Slovenian Littoral
VICTORY_POINTS_6573,Košice,Correct Slovak spelling
STATE_269,Somaliland,British Somaliland ended 1960; self-declared Somaliland since 1991
STATE_559,Central Somalia,Former Italian Somaliland core; Somaliland is used for the north
VICTORY_POINTS_12991,Mogadishu,Mogadiscio is the Italian colonial spelling
STATE_146,Vyborg,Karjala is the Finnish name; Russian Karelian Isthmus
VICTORY_POINTS_9206,Vyborg,Viipuri is the Finnish name
STATE_147,Alakurtti,Salla is the Finnish name; Russian since 1940
VICTORY_POINTS_197,Alakurtti,Missing name; main settlement of former Finnish Salla area
STATE_195,Saint Petersburg,Leningrad renamed Saint Petersburg in 1991
VICTORY_POINTS_3151,Saint Petersburg,Leningrad renamed Saint Petersburg in 1991
VICTORY_POINTS_3338,Arkhangelsk,Standard transliteration
STATE_216,Karelia,Olonets governorate abolished 1922; Republic of Karelia
STATE_217,Volgograd,Stalingrad renamed Volgograd in 1961
VICTORY_POINTS_3529,Volgograd,Stalingrad renamed Volgograd in 1961
VICTORY_POINTS_719,Novorossiysk,Standard transliteration
STATE_247,Tver,Kalinin renamed Tver in 1990
VICTORY_POINTS_6245,Tver,Kalinin renamed Tver in 1990
STATE_250,Ulyanovsk,Ulyanovsky is a malformed name
STATE_251,Samara,Kuybyshev renamed Samara in 1991
VICTORY_POINTS_11225,Samara,Kuybyshev renamed Samara in 1991
STATE_252,Nizhny Novgorod,Gorky renamed Nizhny Novgorod in 1990
VICTORY_POINTS_11375,Nizhny Novgorod,Gorky renamed Nizhny Novgorod in 1990
STATE_722,Pechenga,Petsamo is the Finnish name; Russian since 1944
VICTORY_POINTS_9140,Pechenga,Petsamo is the Finnish name
STATE_763,Kaliningrad,Königsberg renamed Kaliningrad in 1946
VICTORY_POINTS_6332,Kaliningrad,Königsberg renamed Kaliningrad in 1946
VICTORY_POINTS_9628,Vladikavkaz,Ordzhonikidze renamed Vladikavkaz in 1990
STATE_829,Engels,Marxstadt renamed Marks in 1942
VICTORY_POINTS_9432,Marks,Marxstadt renamed Marks in 1942
VICTORY_POINTS_6927,Girona,Official name since 1992
STATE_680,Deir ez-Zor,Standard transliteration
VICTORY_POINTS_3942,Deir ez-Zor,Standard transliteration
STATE_584,Ashgabat,Ashkhabad renamed Ashgabat in 1992
VICTORY_POINTS_12333,Ashgabat,Ashkhabad renamed Ashgabat in 1992
STATE_832,Dashoguz,Tashauz renamed Dashoguz in 1992
VICTORY_POINTS_1493,Dashoguz,Tashauz renamed Dashoguz in 1992
VICTORY_POINTS_1951,Lomé,Correct spelling
STATE_339,İzmir,Correct Turkish spelling
VICTORY_POINTS_4112,İzmir,Correct Turkish spelling
STATE_347,İzmit,Correct Turkish spelling
VICTORY_POINTS_3870,Nevşehir,Missing name; Nevşehir at this location
VICTORY_POINTS_919,Akdağmadeni,Missing name; Akdağmadeni at this location
VICTORY_POINTS_9823,Şanlıurfa,Urfa renamed Şanlıurfa in 1984
VICTORY_POINTS_7530,Cizre,Cizîr is the Kurdish form; official Turkish name Cizre
VICTORY_POINTS_10497,Siirt,Sêrt is the Kurdish form; official Turkish name Siirt
VICTORY_POINTS_876,Elazığ,Xarpêt (Harput) is the Kurdish form; modern city Elazığ
VICTORY_POINTS_9868,Erzincan,Erzîngan is the Kurdish form; official Turkish name Erzincan
VICTORY_POINTS_12376,Ağrı,Karaköse renamed Ağrı in 1946
STATE_546,Tanzania,Tanganyika merged into Tanzania in 1964
STATE_73,Zakarpattia,Carpathian Ruthenia is interwar; Ukrainian Zakarpattia Oblast
VICTORY_POINTS_3548,Mukachevo,Mukačevo is the Czechoslovak spelling
STATE_80,Chernivtsi,Bucovina state is Ukraine's Chernivtsi Oblast
VICTORY_POINTS_577,Chernivtsi,Cernăuți is the Romanian name
STATE_89,Ivano-Frankivsk,Stanisławów renamed Ivano-Frankivsk in 1962
VICTORY_POINTS_11411,Ivano-Frankivsk,Stanisławów renamed Ivano-Frankivsk in 1962
STATE_91,Lviv,Lwów is the interwar Polish name
VICTORY_POINTS_11479,Lviv,Lwów is the interwar Polish name
STATE_93,Volyn,Wołyń is the interwar Polish name
VICTORY_POINTS_6557,Rivne,Równe is the interwar Polish name
STATE_193,Chernihiv,Ukrainian official transliteration (matches other oblast names)
VICTORY_POINTS_3568,Chernihiv,Ukrainian official transliteration (matches other oblast names)
STATE_200,Zaporizhzhia,Ukrainian official transliteration (matches other oblast names)
VICTORY_POINTS_11405,Zaporizhzhia,Ukrainian official transliteration (matches other oblast names)
VICTORY_POINTS_11561,Kryvyi Rih,Krivoi Rih mixes Russian and Ukrainian forms
STATE_227,Donetsk,Stalino renamed Donetsk in 1961
VICTORY_POINTS_6474,Donetsk,Stalino renamed Donetsk in 1961
STATE_228,Luhansk,Voroshilovgrad renamed Luhansk in 1990
VICTORY_POINTS_9461,Luhansk,Voroshilovgrad renamed Luhansk in 1990
STATE_766,Budjak,Southern Bessarabia is a Romanian-era construct; Budjak region of Ukraine
VICTORY_POINTS_6727,Bilhorod-Dnistrovskyi,Cetatea Albă is the Romanian name
STATE_834,Balta,Tiraspol lies in Moldova; state is the Balta area of Odessa Oblast
STATE_659,Hadhramaut,State at 16N 50E is Hadhramaut; Aden is the separate southwest state
STATE_992,Aden,Province of Aden is a colonial-era form
STATE_1015,Ad Dakhiliyah,Duplicate Oman; interior governorate (Nizwa)
STATE_545,Zimbabwe,Rhodesia became Zimbabwe in 1980
VICTORY_POINTS_10929,Harare,Salisbury renamed Harare in 1982
STATE_981,Western Province,Barotseland renamed Western Province in 1969
