tag,slot,character_id,name,ideology,party,ruling,portrait_url,source,notes
ALB,democratic,ALB_llir_meta,Ilir Meta,socialism,Socialist Party of Albania,yes,,,Prime Minister of Albania since October 1999
ALB,communism,ALB_hysni_milloshi,Hysni Milloshi,stalinism,Communist Party of Albania,,,,Founder and leader of the Hoxhaist Communist Party of Albania
ALB,fascism,ALB_abaz_ermenji,Abaz Ermenji,fascism_ideology,Balli Kombëtar,,https://upload.wikimedia.org/wikipedia/commons/b/b9/Ermenji.jpg?utm_source=commons.wikimedia.org&utm_campaign=imageinfo&utm_content=original,https://commons.wikimedia.org/wiki/File:Ermenji.jpg,Leader of the nationalist Balli Kombëtar party; closest far-right match
ALB,neutrality,ALB_leka_zogu,Leka Zogu,moderatism,Legaliteti (Movement of Legality),,https://upload.wikimedia.org/wikipedia/commons/8/8f/Leka_of_Albania.jpg?utm_source=commons.wikimedia.org&utm_campaign=imageinfo&utm_content=original,https://commons.wikimedia.org/wiki/File:Leka_of_Albania.jpg,Pretender to the Albanian throne backed by the monarchist Legaliteti
BOS,democratic,BOS_alija_izetbegovic,Alija Izetbegović,conservatism,Party of Democratic Action (SDA),yes,https://upload.wikimedia.org/wikipedia/commons/7/70/Alija_Izetbegovic_%28cropped%29.jpg?utm_source=commons.wikimedia.org&utm_campaign=imageinfo&utm_content=original,https://commons.wikimedia.org/wiki/File:Alija_Izetbegovic_(cropped).jpg,Bosniak member of the Presidency and dominant political figure (Ante Jelavić held the rotating chair on 2000.1.1)
BOS,communism,BOS_zlatko_lagumdzija,Zlatko Lagumdžija,marxism,Social Democratic Party of BiH (SDP),,,,"Leader of the SDP, successor of the League of Communists of BiH; closest match"
BOS,fascism,BOS_dragan_kalinic,Dragan Kalinić,fascism_ideology,Serb Democratic Party (SDS),,,,President of Karadžić's Serb nationalist SDS
BOS,neutrality,BOS_wolfgang_petritsch,Wolfgang Petritsch,oligarchism,Office of the High Representative,,https://upload.wikimedia.org/wikipedia/commons/c/c9/Wolfgang_Petritsch_%2852868600697%29.jpg?utm_source=commons.wikimedia.org&utm_campaign=imageinfo&utm_content=original,https://commons.wikimedia.org/wiki/File:Wolfgang_Petritsch_(52868600697).jpg,High Representative with Bonn powers to impose laws and dismiss officials
BUL,democratic,BUL_ivan_kostov,Ivan Kostov,conservatism,Union of Democratic Forces (UDF),yes,https://upload.wikimedia.org/wikipedia/commons/c/c1/Ivan_Kostov_2013_05%28cropped%29.jpg?utm_source=commons.wikimedia.org&utm_campaign=imageinfo&utm_content=original,https://commons.wikimedia.org/wiki/File:Ivan_Kostov_2013_05(cropped).jpg,Prime Minister of Bulgaria 1997–2001
BUL,communism,BUL_aleksandar_paunov,Aleksandar Paunov,Marxist-Leninist,Communist Party of Bulgaria,,,,Leader of the Communist Party of Bulgaria (founded 1996)
BUL,fascism,BUL_krasimir_karakachanov,Krasimir Karakachanov,fascism_ideology,IMRO – Bulgarian National Movement,,,,Leader of the nationalist VMRO-BND since 1997
BUL,neutrality,BUL_simeon_saxe_coburg_gotha,Simeon Saxe-Coburg-Gotha,moderatism,Monarchist,,https://upload.wikimedia.org/wikipedia/commons/d/de/Simeon_II_of_Bulgaria.jpg?utm_source=commons.wikimedia.org&utm_campaign=imageinfo&utm_content=original,https://commons.wikimedia.org/wiki/File:Simeon_II_of_Bulgaria.jpg,Exiled former Tsar Simeon II; returned to become PM in 2001
CRO,democratic,CRO_vlatko_pavletic,Vlatko Pavletić,conservatism,Croatian Democratic Union (HDZ),yes,,,Acting President after Tuđman's death (Nov 1999 – Feb 2000); HDZ government
CRO,communism,CRO_stipe_suvar,Stipe Šuvar,marxism,Socialist Workers' Party of Croatia,,,,Founder and leader of the Socialist Workers' Party of Croatia
CRO,fascism,CRO_anto_dapic,Anto Đapić,fascism_ideology,Croatian Party of Rights (HSP),,,,President of the ultranationalist HSP
CRO,neutrality,CRO_ivic_pasalic,Ivić Pašalić,oligarchism,Croatian Democratic Union (HDZ),,,,Tuđman's powerful adviser and leader of the HDZ hardline faction
CYP,democratic,CYP_glafcos_clerides,Glafcos Clerides,conservatism,Democratic Rally (DISY),yes,,,President of Cyprus 1993–2003
CYP,communism,CYP_dimitris_christofias,Dimitris Christofias,Marxist-Leninist,AKEL,,,,General Secretary of AKEL since 1988
CYP,fascism,CYP_nikos_koutsou,Nikos Koutsou,fascism_ideology,New Horizons,,,,Leader of the nationalist New Horizons party; weak closest match
CYP,neutrality,CYP_spyros_kyprianou,Spyros Kyprianou,centrism,Democratic Party (DIKO),,,,Former President and President of the House; centrist DIKO founder
GRE,democratic,GRE_costas_simitis,Costas Simitis,socialism,PASOK,yes,https://upload.wikimedia.org/wikipedia/commons/0/05/Costas_Simitis_2003.jpg?utm_source=commons.wikimedia.org&utm_campaign=imageinfo&utm_content=original,https://commons.wikimedia.org/wiki/File:Costas_Simitis_2003.jpg,Prime Minister of Greece 1996–2004
GRE,communism,GRE_aleka_papariga,Aleka Papariga,Marxist-Leninist,Communist Party of Greece (KKE),,https://upload.wikimedia.org/wikipedia/commons/2/22/Aleka_Papariga_2009_%28cropped%29.jpg?utm_source=commons.wikimedia.org&utm_campaign=imageinfo&utm_content=original,https://commons.wikimedia.org/wiki/File:Aleka_Papariga_2009_(cropped).jpg,General Secretary of the KKE 1991–2013
GRE,fascism,GRE_nikolaos_michaloliakos,Nikolaos Michaloliakos,nazism,Golden Dawn,,https://upload.wikimedia.org/wikipedia/commons/e/e7/Nikolaos_Michaloliakos_%282012-06-17%29.jpg?utm_source=commons.wikimedia.org&utm_campaign=imageinfo&utm_content=original,https://commons.wikimedia.org/wiki/File:Nikolaos_Michaloliakos_(2012-06-17).jpg,Founder and leader of neo-Nazi Golden Dawn
GRE,neutrality,GRE_constantine_ii,Constantine II,moderatism,Monarchist,,https://upload.wikimedia.org/wikipedia/commons/0/02/Constantine_II_of_Greece_%28cropped%29.jpg?utm_source=commons.wikimedia.org&utm_campaign=imageinfo&utm_content=original,https://commons.wikimedia.org/wiki/File:Constantine_II_of_Greece_(cropped).jpg,"Deposed King of the Hellenes, head of the monarchist cause"
HUN,democratic,HUN_viktor_orban,Viktor Orbán,conservatism,Fidesz,yes,,,Prime Minister of Hungary 1998–2002
HUN,communism,HUN_gyula_thurmer,Gyula Thürmer,Marxist-Leninist,Hungarian Workers' Party,,,,Leader of the Hungarian Workers' Party since 1989
HUN,fascism,HUN_istvan_csurka,István Csurka,fascism_ideology,Hungarian Justice and Life Party (MIÉP),,,,Leader of the far-right MIÉP
HUN,neutrality,HUN_arpad_goncz,Árpád Göncz,moderatism,Independent (ex-SZDSZ),,,,"President of Hungary 1990–2000, above-party head of state"
MAC,democratic,MAC_ljubco_georgievski,Ljubčo Georgievski,conservatism,VMRO-DPMNE,yes,,,Prime Minister of Macedonia 1998–2002
MAC,communism,MAC_ljubisav_ivanov,Ljubisav Ivanov Dzingo,marxism,Socialist Party of Macedonia,,,,Leader of the far-left Socialist Party of Macedonia; weak closest match
MAC,fascism,MAC_arben_xhaferi,Arben Xhaferi,fascism_ideology,Democratic Party of Albanians,,,,Leader of the Albanian nationalist DPA; weak closest match
MAC,neutrality,MAC_kiro_gligorov,Kiro Gligorov,moderatism,Independent,,https://upload.wikimedia.org/wikipedia/commons/6/63/%D0%9A%D0%B8%D1%80%D0%BE_%D0%93%D0%BB%D0%B8%D0%B3%D0%BE%D1%80%D0%BE%D0%B2_03_%2828-01-1993%29.jpg?utm_source=commons.wikimedia.org&utm_campaign=imageinfo&utm_content=original,https://commons.wikimedia.org/wiki/File:%D0%9A%D0%B8%D1%80%D0%BE_%D0%93%D0%BB%D0%B8%D0%B3%D0%BE%D1%80%D0%BE%D0%B2_03_(28-01-1993).jpg,"Founding President of Macedonia 1991–1999, non-aligned elder statesman"
MOL,democratic,MOL_petru_lucinschi,Petru Lucinschi,socialism,Independent,yes,,,President of Moldova 1997–2001
MOL,communism,MOL_vladimir_voronin,Vladimir Voronin,Marxist-Leninist,Party of Communists (PCRM),,,,First Secretary of the PCRM
MOL,fascism,MOL_iurie_rosca,Iurie Roșca,fascism_ideology,Christian-Democratic People's Party,,,,Leader of the Romanian-unionist nationalist PPCD; weak closest match
MOL,neutrality,MOL_dumitru_braghis,Dumitru Braghiș,moderatism,Independent,,https://upload.wikimedia.org/wikipedia/commons/7/72/Braghis.jpg?utm_source=commons.wikimedia.org&utm_campaign=imageinfo&utm_content=original,https://commons.wikimedia.org/wiki/File:Braghis.jpg,Technocratic Prime Minister from December 1999
ROM,democratic,ROM_emil_constantinescu,Emil Constantinescu,conservatism,Romanian Democratic Convention (CDR),yes,,,President of Romania 1996–2000
ROM,communism,ROM_ilie_verdet,Ilie Verdeț,Marxist-Leninist,Socialist Party of Labour,,https://upload.wikimedia.org/wikipedia/commons/8/86/Ilie_Verdet.jpg?utm_source=commons.wikimedia.org&utm_campaign=imageinfo&utm_content=original,https://commons.wikimedia.org/wiki/File:Ilie_Verdet.jpg,Chairman of the neo-communist PSM 1990–2001
ROM,fascism,ROM_corneliu_vadim_tudor,Corneliu Vadim Tudor,fascism_ideology,Greater Romania Party (PRM),,https://upload.wikimedia.org/wikipedia/commons/f/fa/Corneliu_Vadim_Tudor_-_Declaratii_la_BEC.png?utm_source=commons.wikimedia.org&utm_campaign=imageinfo&utm_content=original,https://commons.wikimedia.org/wiki/File:Corneliu_Vadim_Tudor_-_Declaratii_la_BEC.png,Leader of the ultranationalist PRM
ROM,neutrality,ROM_michael_i,Michael I,moderatism,Monarchist,,https://upload.wikimedia.org/wikipedia/commons/b/bc/Mihai.jpg?utm_source=commons.wikimedia.org&utm_campaign=imageinfo&utm_content=original,https://commons.wikimedia.org/wiki/File:Mihai.jpg,"Former King of Romania, head of the monarchist cause"
SER,democratic,SER_vojislav_kostunica,Vojislav Koštunica,conservatism,Democratic Party of Serbia (DSS),,https://upload.wikimedia.org/wikipedia/commons/7/74/Flickr_-_europeanpeoplesparty_-_EPP_Congress_Rome_2006_%2868%29_%28cropped_2%29.jpg?utm_source=commons.wikimedia.org&utm_campaign=imageinfo&utm_content=original,https://commons.wikimedia.org/wiki/File:Flickr_-_europeanpeoplesparty_-_EPP_Congress_Rome_2006_(68)_(cropped_2).jpg,DSS leader and joint opposition (DOS) candidate who won in 2000
SER,communism,SER_mirjana_markovic,Mirjana Marković,marxism,Yugoslav Left (JUL),,,,Leader of the neo-communist JUL and wife of Milošević
SER,fascism,SER_vojislav_seselj,Vojislav Šešelj,fascism_ideology,Serbian Radical Party (SRS),,https://upload.wikimedia.org/wikipedia/commons/d/dd/Vojislav_%C5%A0e%C5%A1elj_%282016%29.jpg?utm_source=commons.wikimedia.org&utm_campaign=imageinfo&utm_content=original,https://commons.wikimedia.org/wiki/File:Vojislav_%C5%A0e%C5%A1elj_(2016).jpg,Leader of the ultranationalist SRS
SER,neutrality,SER_slobodan_milosevic,Slobodan Milošević,despotism,Socialist Party of Serbia (SPS),yes,,,Authoritarian President of FR Yugoslavia 1997–2000
SYR,democratic,SYR_riad_seif,Riad Seif,liberalism,Independent,,,,Liberal MP and leading figure of the Damascus Spring
SYR,communism,SYR_wisal_farha_bakdash,Wisal Farha Bakdash,Marxist-Leninist,Syrian Communist Party (Bakdash),,,,Leader of the Syrian Communist Party after Khalid Bakdash's death
SYR,fascism,SYR_issam_al_mahayri,Issam al-Mahayri,fascism_ideology,Syrian Social Nationalist Party,,,,Long-time leader of the SSNP in Syria
SYR,neutrality,SYR_hafez_al_assad,Hafez al-Assad,despotism,Ba'ath Party,yes,https://upload.wikimedia.org/wikipedia/commons/b/bc/Hafez_al-Assad_official_portrait_%28precise_crop%29.jpg?utm_source=commons.wikimedia.org&utm_campaign=imageinfo&utm_content=original,https://commons.wikimedia.org/wiki/File:Hafez_al-Assad_official_portrait_(precise_crop).jpg,President of Syria 1971–2000
TUR,democratic,TUR_bulent_ecevit,Bülent Ecevit,socialism,Democratic Left Party (DSP),yes,https://upload.wikimedia.org/wikipedia/commons/f/ff/B%C3%BClent_Ecevit-Davos_2000_cropped.jpg?utm_source=commons.wikimedia.org&utm_campaign=imageinfo&utm_content=original,https://commons.wikimedia.org/wiki/File:B%C3%BClent_Ecevit-Davos_2000_cropped.jpg,Prime Minister of Turkey 1999–2002
TUR,communism,TUR_aydemir_guler,Aydemir Güler,Marxist-Leninist,Communist Party of Turkey (SİP/TKP),,,,"Leader of the SİP, renamed Communist Party of Turkey in 2001"
TUR,fascism,TUR_devlet_bahceli,Devlet Bahçeli,fascism_ideology,Nationalist Movement Party (MHP),,https://upload.wikimedia.org/wikipedia/commons/e/e1/Devlet_Bah%C3%A7eli_VOA_2015_%28cropped%29.jpg?utm_source=commons.wikimedia.org&utm_campaign=imageinfo&utm_content=original,https://commons.wikimedia.org/wiki/File:Devlet_Bah%C3%A7eli_VOA_2015_(cropped).jpg,"Leader of the ultranationalist MHP, Deputy PM"
TUR,neutrality,TUR_suleyman_demirel,Süleyman Demirel,moderatism,Independent (ex-DYP),,,,"President of Turkey 1993–2000, above-party head of state"
JAP,democratic,JAP_keizo_obuchi,Keizō Obuchi,conservatism,Liberal Democratic Party,yes,,,Prime Minister of Japan 1998–2000
JAP,communism,JAP_tetsuzo_fuwa,Tetsuzō Fuwa,marxism,Japanese Communist Party,,,,Chairman of the JCP presidium 1982–2000
JAP,fascism,JAP_shintaro_ishihara,Shintaro Ishihara,fascism_ideology,Independent (nationalist),,https://upload.wikimedia.org/wikipedia/commons/2/2c/Shintar%C5%8D_Ishihara_2003.jpg?utm_source=commons.wikimedia.org&utm_campaign=imageinfo&utm_content=original,https://commons.wikimedia.org/wiki/File:Shintar%C5%8D_Ishihara_2003.jpg,Nationalist Governor of Tokyo; closest far-right match
JAP,neutrality,JAP_akihito,Akihito,moderatism,Imperial House,,https://upload.wikimedia.org/wikipedia/commons/1/1d/Emperor_Akihito_%282016%29.jpg?utm_source=commons.wikimedia.org&utm_campaign=imageinfo&utm_content=original,https://commons.wikimedia.org/wiki/File:Emperor_Akihito_(2016).jpg,Emperor of Japan 1989–2019
KOR,democratic,KOR_kim_dae_jung,Kim Dae-jung,liberalism,Millennium Democratic Party,yes,,,President of South Korea 1998–2003
KOR,communism,KOR_kwon_young_ghil,Kwon Young-ghil,marxism,Democratic Labor Party,,,,Founding leader of the socialist Democratic Labor Party (Jan 2000); weak closest match
KOR,fascism,KOR_chun_doo_hwan,Chun Doo-hwan,junta,Former military regime,,https://upload.wikimedia.org/wikipedia/commons/2/26/Chun_Doo-hwan_%28%EC%A0%84%EB%91%90%ED%99%98%29_Presidential_Portrait.jpg?utm_source=commons.wikimedia.org&utm_campaign=imageinfo&utm_content=original,https://commons.wikimedia.org/wiki/File:Chun_Doo-hwan_(%EC%A0%84%EB%91%90%ED%99%98)_Presidential_Portrait.jpg,Former military dictator (1980–88)
KOR,neutrality,KOR_kim_jong_pil,Kim Jong-pil,oligarchism,United Liberal Democrats,,,,"ULD leader, KCIA founder and PM until January 2000"
LAO,democratic,LAO_thongpaseuth_keuakoun,Thongpaseuth Keuakoun,liberalism,Lao Students Movement for Democracy,,,,Leader of the October 1999 pro-democracy protest; weak closest match
LAO,communism,LAO_khamtai_siphandon,Khamtai Siphandon,Marxist-Leninist,Lao People's Revolutionary Party,yes,,,President and LPRP chairman
LAO,fascism,LAO_vang_pao,Vang Pao,junta,Royal Lao Army (exile),,,,Exiled anti-communist Hmong general
LAO,neutrality,LAO_soulivong_savang,Soulivong Savang,moderatism,Royalist,,,,Exiled Crown Prince and royal pretender
NRK,democratic,NRK_hwang_jang_yop,Hwang Jang-yop,conservatism,Defector,,,,"Highest-ranking defector, advocated democratisation of the North; weak match"
NRK,communism,NRK_kim_jong_il,Kim Jong-il,stalinism,Workers' Party of Korea,yes,,,Supreme Leader of North Korea
NRK,fascism,NRK_jo_myong_rok,Jo Myong-rok,junta,Korean People's Army,,https://upload.wikimedia.org/wikipedia/commons/c/cd/Cho_Myong-nok_%28cropped%29.jpg?utm_source=commons.wikimedia.org&utm_campaign=imageinfo&utm_content=original,https://commons.wikimedia.org/wiki/File:Cho_Myong-nok_(cropped).jpg,"First Vice Chairman of the NDC, face of Songun military rule"
NRK,neutrality,NRK_kim_yong_nam,Kim Yong-nam,oligarchism,Supreme People's Assembly,,,,Nominal head of state as SPA Presidium chairman
PRC,democratic,PRC_wei_jingsheng,Wei Jingsheng,liberalism,Chinese democracy movement,,,,Leading exiled Chinese pro-democracy dissident
PRC,communism,PRC_jiang_zemin,Jiang Zemin,marxism,Chinese Communist Party,yes,,,General Secretary of the CCP and President
PRC,fascism,PRC_chi_haotian,Chi Haotian,junta,People's Liberation Army,,,,Hawkish Defence Minister and CMC Vice Chairman; weak closest match
PRC,neutrality,PRC_zhu_rongji,Zhu Rongji,oligarchism,Chinese Communist Party,,,,Technocratic Premier 1998–2003
TAW,democratic,TAW_lee_teng_hui,Lee Teng-hui,conservatism,Kuomintang,yes,,,President of the ROC 1988–2000
TAW,communism,TAW_wu_rong_yuan,Wu Rong-yuan,marxism,Labor Party,,,,"Chairman of the socialist, pro-unification Labor Party; weak closest match"
TAW,fascism,TAW_hau_pei_tsun,Hau Pei-tsun,junta,Chinese nationalist / New Party ally,,https://upload.wikimedia.org/wikipedia/commons/d/da/%E9%83%9D%E6%9F%8F%E6%9D%91%E9%99%A2%E9%95%B7.jpg?utm_source=commons.wikimedia.org&utm_campaign=imageinfo&utm_content=original,https://commons.wikimedia.org/wiki/File:%E9%83%9D%E6%9F%8F%E6%9D%91%E9%99%A2%E9%95%B7.jpg,"Former Chief of General Staff and Premier, hardline Chinese nationalist; weak match"
TAW,neutrality,TAW_james_soong,James Soong,moderatism,Independent,,https://upload.wikimedia.org/wikipedia/commons/0/04/%E5%AE%8B%E6%A5%9A%E7%91%9C%E4%B8%BB%E5%B8%AD2016.jpg?utm_source=commons.wikimedia.org&utm_campaign=imageinfo&utm_content=original,https://commons.wikimedia.org/wiki/File:%E5%AE%8B%E6%A5%9A%E7%91%9C%E4%B8%BB%E5%B8%AD2016.jpg,"Independent 2000 presidential candidate, founded the PFP"
VIN,democratic,VIN_nguyen_dan_que,Nguyễn Đan Quế,liberalism,Non-Violent Movement for Human Rights,,,,Leading pro-democracy dissident
VIN,communism,VIN_le_kha_phieu,Lê Khả Phiêu,Marxist-Leninist,Communist Party of Vietnam,yes,,,General Secretary of the CPV 1997–2001
VIN,fascism,VIN_nguyen_cao_ky,Nguyễn Cao Kỳ,junta,South Vietnamese exile,,,,Former South Vietnamese air marshal and junta leader
VIN,neutrality,VIN_thich_huyen_quang,Thích Huyền Quang,moderatism,Unified Buddhist Church of Vietnam,,,,Patriarch of the banned Unified Buddhist Church
BAN,democratic,BAN_sheikh_hasina,Sheikh Hasina,socialism,Awami League,yes,,,Prime Minister of Bangladesh 1996–2001
BAN,communism,BAN_mujahidul_islam_selim,Mujahidul Islam Selim,Marxist-Leninist,Communist Party of Bangladesh,,,,General Secretary of the CPB
BAN,fascism,BAN_ghulam_azam,Ghulam Azam,fascism_ideology,Jamaat-e-Islami,,,,Ameer of the Islamist Jamaat-e-Islami until late 2000
BAN,neutrality,BAN_hussain_muhammad_ershad,Hussain Muhammad Ershad,despotism,Jatiya Party,,,,"Former military ruler, Jatiya Party chairman"
BHU,democratic,BHU_rongthong_kunley_dorji,Rongthong Kunley Dorji,liberalism,Druk National Congress,,,,Exiled leader of the Druk National Congress pro-democracy movement
BHU,communism,BHU_comrade_umesh,Comrade Umesh,anti_revisionism,Communist Party of Bhutan (MLM),,,,Nom de guerre of the Maoist leader among Bhutanese refugees; weak closest match
BHU,fascism,BHU_lam_dorji,Lam Dorji,junta,Royal Bhutan Army,,,,Chief Operations Officer of the Royal Bhutan Army; weak closest match
BHU,neutrality,BHU_jigme_singye,Jigme Singye Wangchuck,despotism,House of Wangchuck,yes,,,King of Bhutan 1972–2006
BRM,democratic,BRM_aung_san_suu_kyi,Aung San Suu Kyi,liberalism,National League for Democracy,,https://upload.wikimedia.org/wikipedia/commons/9/97/Aung_San_Suu_Kyi_at_the_Enthronement_of_Naruhito_%281%29.jpg?utm_source=commons.wikimedia.org&utm_campaign=imageinfo&utm_content=original,https://commons.wikimedia.org/wiki/File:Aung_San_Suu_Kyi_at_the_Enthronement_of_Naruhito_(1).jpg,NLD leader under house arrest
BRM,communism,BRM_bao_youxiang,Bao Youxiang,leninism,United Wa State Party,,,,"Leader of the UWSA, largest successor of the Communist Party of Burma; closest match"
BRM,fascism,BRM_than_shwe,Than Shwe,junta,SPDC,yes,,,Chairman of the ruling military junta
BRM,neutrality,BRM_ne_win,Ne Win,despotism,Burma Socialist Programme Party,,,,Retired dictator still influential behind the scenes
NEP,democratic,NEP_krishna_prasad_bhattarai,Krishna Prasad Bhattarai,socialism,Nepali Congress,yes,,,Prime Minister of Nepal May 1999 – March 2000
NEP,communism,NEP_prachanda,Prachanda,anti_revisionism,CPN (Maoist),,,,Leader of the Maoist insurgency
NEP,fascism,NEP_gyanendra,Gyanendra,emperor_fascism,House of Shah,,,,Prince who later seized absolute power (2005); closest match
NEP,neutrality,NEP_birendra,Birendra,moderatism,House of Shah,,,,King of Nepal 1972–2001
RAJ,democratic,RAJ_atal_bihari_vajpayee,Atal Bihari Vajpayee,conservatism,Bharatiya Janata Party,yes,,,Prime Minister of India 1998–2004
RAJ,communism,RAJ_harkishan_singh_surjeet,Harkishan Singh Surjeet,Marxist-Leninist,CPI (Marxist),,,,General Secretary of the CPI(M) 1992–2005
RAJ,fascism,RAJ_bal_thackeray,Bal Thackeray,fascism_ideology,Shiv Sena,,,,Founder and leader of the Hindu nationalist Shiv Sena
RAJ,neutrality,RAJ_sonia_gandhi,Sonia Gandhi,centrism,Indian National Congress,,,,Congress president and Leader of the Opposition; weak fit for neutrality
SRL,democratic,SRL_chandrika_kumaratunga,Chandrika Kumaratunga,socialism,People's Alliance (SLFP),yes,,,President of Sri Lanka 1994–2005
SRL,communism,SRL_somawansa_amarasinghe,Somawansa Amarasinghe,Marxist-Leninist,Janatha Vimukthi Peramuna (JVP),,,,Leader of the Marxist-Leninist JVP
SRL,fascism,SRL_s_l_gunasekara,S. L. Gunasekara,fascism_ideology,Sihala Urumaya,,,,Leader of the Sinhala nationalist Sihala Urumaya (founded 2000)
SRL,neutrality,SRL_ranil_wickremesinghe,Ranil Wickremesinghe,centrism,United National Party,,,,UNP leader and Leader of the Opposition; weak fit for neutrality
