province,to_state,notes
1042,new:adm_sol_rennell_and_bellona,admin: from state 634
1085,new:adm_sol_rennell_and_bellona,admin: from state 634
1222,new:adm_png_gulf,admin: from state 523
1225,new:adm_ins_south_kalimantan,admin: from state 1055
1230,334,admin: from state 1022
1234,1026,admin: from state 627
1242,new:adm_png_gulf,admin: from state 523
1261,new:adm_phi_western_visayas_region_vi,admin: from state 628
1277,1048,admin: from state 1049
1283,1073,admin: from state 523
1288,1027,admin: from state 327
1289,new:adm_ins_sulawesi_utara,admin: from state 1056
1293,new:adm_phi_dinagat_islands_region_xiii,admin: from state 1026
1310,1073,admin: from state 523
1324,1067,admin: from state 741
1332,new:adm_ins_jambi,admin: from state 1049
1342,new:adm_ins_lampung,admin: from state 672
1345,new:adm_ins_jambi,admin: from state 1049
1348,new:adm_mal_terengganu,admin: from state 1062
1351,new:adm_ins_north_sulawesi,admin: from state 668
1353,1067,admin: from state 741
1361,new:adm_png_new_ireland,admin: from state 737
1368,new:adm_phi_western_visayas_region_vi,admin: from state 628
1373,672,admin: from state 1049
1374,new:adm_lao_northeastern,admin: from state 1068
1379,new:adm_phi_dinagat_islands_region_xiii,admin: from state 1026
1388,1027,admin: from state 327
1389,new:adm_png_east_sepik,admin: from state 979
1396,new:adm_vin_mekong_delta,admin: from state 1066
1398,new:adm_ins_jawa_barat,admin: from state 335
1400,new:adm_vin_central_highlands,admin: from state 286
1413,new:adm_ins_central_java,admin: from state 1051
1415,new:adm_phi_ilocos_region_i,admin: from state 1027
1416,new:adm_ins_south_kalimantan,admin: from state 1055
1419,new:adm_ins_north_maluku,admin: from state 668
1423,new:adm_vin_mekong_delta,admin: from state 1066
1427,289,admin: from state 1076
1428,new:adm_ins_west_sumatra,admin: from state 1048
1437,new:adm_ins_north_maluku,admin: from state 668
1460,new:adm_ins_west_sumatra,admin: from state 1048
1533,new:adm_ins_jambi,admin: from state 1048
1561,673,admin: from state 1056
1565,new:adm_nzl_waikato,admin: from state 1079
1592,new:adm_lao_northeastern,admin: from state 1068
1605,new:adm_vin_central_highlands,admin: from state 286
1620,new:adm_cam_plateau_and_mountain,admin: from state 741
1713,new:adm_nzl_waikato,admin: from state 1079
1746,new:adm_nzl_waikato,admin: from state 1079
1786,new:adm_nzl_manawatu_whanganui,admin: from state 1079
1801,new:adm_nzl_hawke_s_bay,admin: from state 284
2047,1055,admin: from state 1022
2203,1081,admin: from state 723
2205,519,admin: from state 1075
2222,334,admin: from state 1022
4223,new:adm_vin_mekong_delta,admin: from state 1066
4233,623,admin: from state 327
4262,new:adm_ins_sulawesi_utara,admin: from state 1056
4266,1026,admin: from state 627
4284,new:adm_vin_mekong_delta,admin: from state 1066
4288,new:adm_phi_mimaropa_region_iv_b,admin: from state 327
4292,new:adm_sol_western,admin: from state 634
4302,1067,admin: from state 741
4308,new:adm_ins_sulawesi_selatan,admin: from state 673
4317,523,admin: from state 1073
4320,new:adm_ins_lampung,admin: from state 672
4335,334,admin: from state 1022
4341,new:adm_vin_mekong_delta,admin: from state 1066
4350,new:adm_phi_ilocos_region_i,admin: from state 623
4352,new:adm_png_new_ireland,admin: from state 737
4355,new:adm_mal_terengganu,admin: from state 1062
4359,new:adm_cam_coastal,admin: from state 741
4361,new:adm_ins_lampung,admin: from state 672
4364,672,admin: from state 1049
4367,1060,admin: from state 1063
4368,new:adm_phi_cordillera_administrative_region_car,admin: from state 623
4384,1063,admin: from state 1064
4387,new:adm_kir_tuvalu,admin: from state 639
4388,724,admin: from state 289
4393,new:adm_png_madang,admin: from state 979
4412,new:adm_mal_negeri_sembilan,admin: from state 336
4418,new:adm_png_morobe,admin: from state 979
4421,new:adm_png_new_ireland,admin: from state 737
4423,623,admin: from state 1027
4434,new:adm_ins_central_java,admin: from state 335
4446,1049,admin: from state 1048
4564,new:adm_ins_southeast_sulawesi,admin: from state 673
4582,1077,admin: from state 868
4596,new:adm_cam_plateau_and_mountain,admin: from state 741
4615,new:adm_nzl_northland,admin: from state 1079
4652,1050,admin: from state 1049
4718,new:adm_nzl_bay_of_plenty,admin: from state 1079
4748,new:adm_nzl_hawke_s_bay,admin: from state 1079
4763,517,admin: from state 285
4804,new:adm_nzl_manawatu_whanganui,admin: from state 284
5135,new:adm_png_madang,admin: from state 1073
5138,519,admin: from state 674
5226,1055,admin: from state 1022
7223,new:adm_ins_central_java,admin: from state 335
7227,1022,admin: from state 334
7251,new:adm_png_east_new_britain,admin: from state 737
7271,new:adm_vin_central_highlands,admin: from state 286
7296,new:adm_ins_south_kalimantan,admin: from state 1055
7303,new:adm_vin_mekong_delta,admin: from state 1066
7305,new:adm_png_oro,admin: from state 523
7311,new:adm_ins_north_sulawesi,admin: from state 1056
7319,1067,admin: from state 741
7323,1027,admin: from state 327
7327,1048,admin: from state 1049
7331,new:adm_vin_mekong_delta,admin: from state 1066
7333,new:adm_png_oro,admin: from state 523
7338,1076,admin: from state 289
7360,new:adm_phi_northern_mindanao_region_x,admin: from state 1025
7365,new:adm_png_morobe,admin: from state 979
7367,1076,admin: from state 289
7368,new:adm_ins_jambi,admin: from state 1048
7369,new:adm_ins_north_maluku,admin: from state 668
7378,new:adm_png_oro,admin: from state 523
7404,new:adm_cam_coastal,admin: from state 741
7409,new:adm_png_morobe,admin: from state 1073
7412,new:adm_png_new_ireland,admin: from state 737
7413,new:adm_ins_north_maluku,admin: from state 668
7423,new:adm_phi_western_visayas_region_vi,admin: from state 628
7432,new:adm_cam_coastal,admin: from state 741
7463,1048,admin: from state 1049
7544,1076,admin: from state 289
7598,new:adm_ins_sulawesi_selatan,admin: from state 673
7614,new:adm_png_madang,admin: from state 979
7623,519,admin: from state 674
7642,new:adm_ins_central_java,admin: from state 1051
7645,new:adm_cam_plateau_and_mountain,admin: from state 741
7692,new:adm_nzl_manawatu_whanganui,admin: from state 284
7742,new:adm_nzl_bay_of_plenty,admin: from state 1079
7783,new:adm_nzl_manawatu_whanganui,admin: from state 284
7839,723,admin: from state 1080
7887,new:adm_nzl_waikato,admin: from state 1079
8204,new:adm_nzl_west_coast,admin: from state 1080
8206,519,admin: from state 1075
8241,new:adm_nzl_southland,admin: from state 1081
8360,1050,admin: from state 1048
10135,new:adm_ins_yogyakarta,admin: from state 1051
10138,1022,admin: from state 1055
10141,new:adm_ins_north_maluku,admin: from state 668
10147,1073,admin: from state 523
10153,new:adm_ins_north_sulawesi,admin: from state 1056
10166,new:adm_png_east_new_britain,admin: from state 737
10167,new:adm_phi_cordillera_administrative_region_car,admin: from state 623
10169,new:adm_ins_sulawesi_utara,admin: from state 1056
10178,new:adm_ins_south_kalimantan,admin: from state 1055
10184,new:adm_phi_autonomous_region_in_muslim_mindanao_arm,admin: from state 1025
10194,672,admin: from state 1048
10197,new:adm_ins_north_sulawesi,admin: from state 1056
10204,new:adm_cam_plateau_and_mountain,admin: from state 741
10206,new:adm_png_east_new_britain,admin: from state 737
10209,1048,admin: from state 1049
10214,new:adm_phi_northern_mindanao_region_x,admin: from state 1026
10222,new:adm_ins_southeast_sulawesi,admin: from state 673
10225,new:adm_ins_jambi,admin: from state 1049
10231,new:adm_png_milne_bay,admin: from state 523
10232,1066,admin: from state 286
10241,new:adm_phi_cordillera_administrative_region_car,admin: from state 623
10243,new:adm_phi_northern_mindanao_region_x,admin: from state 1026
10248,new:adm_png_milne_bay,admin: from state 523
10251,new:adm_png_morobe,admin: from state 979
10260,new:adm_png_milne_bay,admin: from state 523
10266,new:adm_ins_south_kalimantan,admin: from state 1055
10272,new:adm_phi_mimaropa_region_iv_b,admin: from state 327
10279,new:adm_ins_jawa_barat,admin: from state 335
10280,new:adm_phi_ilocos_region_i,admin: from state 1027
10289,new:adm_cam_coastal,admin: from state 741
10300,new:adm_phi_autonomous_region_in_muslim_mindanao_arm,admin: from state 1026
10302,new:adm_phi_western_visayas_region_vi,admin: from state 628
10306,327,admin: from state 624
10310,1022,admin: from state 334
10319,new:adm_sol_western,admin: from state 634
10334,new:adm_nzl_northland,admin: from state 1079
10342,new:adm_ins_north_maluku,admin: from state 668
10373,new:adm_nzl_northland,admin: from state 1079
10382,new:adm_ins_jambi,admin: from state 1048
10450,new:adm_ins_southeast_sulawesi,admin: from state 673
10458,285,admin: from state 521
10522,1049,admin: from state 1048
10609,new:adm_nzl_hawke_s_bay,admin: from state 1079
10710,new:adm_nzl_bay_of_plenty,admin: from state 1079
10954,new:adm_png_southern_highlands,admin: from state 1073
10974,new:adm_png_oro,admin: from state 523
11004,979,admin: from state 1073
11018,new:adm_png_east_sepik,admin: from state 1073
12107,new:adm_png_gulf,admin: from state 1073
12110,new:adm_ins_south_kalimantan,admin: from state 1055
12113,1048,admin: from state 1049
12116,1026,admin: from state 627
12123,new:adm_png_gulf,admin: from state 523
12126,new:adm_ins_west_sumatra,admin: from state 1048
12133,new:adm_vin_mekong_delta,admin: from state 1066
12135,new:adm_png_gulf,admin: from state 523
12150,new:adm_vin_central_highlands,admin: from state 286
12154,new:adm_png_madang,admin: from state 979
12160,new:adm_phi_dinagat_islands_region_xiii,admin: from state 1026
12165,new:adm_ins_lampung,admin: from state 672
12167,new:adm_cam_plateau_and_mountain,admin: from state 741
12168,1048,admin: from state 1049
12176,new:adm_vin_central_highlands,admin: from state 286
12184,1048,admin: from state 1049
12188,new:adm_phi_dinagat_islands_region_xiii,admin: from state 1026
12191,1067,admin: from state 741
12193,new:adm_png_madang,admin: from state 979
12195,1078,admin: from state 868
12199,new:adm_mal_terengganu,admin: from state 1062
12204,1066,admin: from state 286
12212,new:adm_ins_jambi,admin: from state 1049
12217,new:adm_phi_northern_mindanao_region_x,admin: from state 1026
12219,new:adm_ins_east_nusa_tenggara,admin: from state 667
12234,new:adm_ins_east_nusa_tenggara,admin: from state 667
12237,new:adm_png_morobe,admin: from state 979
12240,new:adm_png_east_sepik,admin: from state 979
12245,new:adm_phi_dinagat_islands_region_xiii,admin: from state 1026
12253,new:adm_phi_ilocos_region_i,admin: from state 1027
12273,new:adm_phi_northern_mindanao_region_x,admin: from state 1026
12277,new:adm_ins_central_java,admin: from state 1051
12280,1022,admin: from state 1055
12293,new:adm_ins_central_java,admin: from state 1051
12343,new:adm_ins_jambi,admin: from state 1048
12362,new:adm_nzl_waikato,admin: from state 1079
12415,672,admin: from state 1048
12428,new:adm_png_east_sepik,admin: from state 1073
12444,new:adm_ins_southeast_sulawesi,admin: from state 673
12447,new:adm_cam_plateau_and_mountain,admin: from state 1067
12475,1067,admin: from state 741
12484,1073,admin: from state 523
12617,new:adm_nzl_manawatu_whanganui,admin: from state 284
12664,new:adm_nzl_waikato,admin: from state 1079
12906,519,admin: from state 674
12931,new:adm_png_eastern_highlands,admin: from state 1073
12955,1022,admin: from state 334
12974,new:adm_nzl_west_coast,admin: from state 723
12980,new:adm_nzl_southland,admin: from state 1081
12988,new:adm_nzl_southland,admin: from state 1081
13020,new:adm_kir_tuvalu,admin: from state 639
13027,new:adm_fsm_yap_state,admin: from state 684
13028,new:adm_fsm_yap_state,admin: from state 684
13029,new:adm_fsm_yap_state,admin: from state 684
13055,new:adm_tuv_western,admin: from state 643
13056,new:adm_tuv_western,admin: from state 643
13392,new:adm_ins_east_nusa_tenggara,admin: from state 667
13395,new:adm_ins_bengkulu,admin: from state 1048
13397,1049,admin: from state 1048
13404,new:adm_ins_central_java,admin: from state 1051
13405,new:adm_ins_central_java,admin: from state 1051
13406,new:adm_ins_yogyakarta,admin: from state 1051
13407,new:adm_ins_central_java,admin: from state 1051
13409,1064,admin: from state 336
13410,1063,admin: from state 1062
13411,new:adm_cam_plateau_and_mountain,admin: from state 741
