name,lat,lon
Berlin,52.52,13.40
Paris,48.86,2.35
London,51.51,-0.13
Moscow,55.76,37.62
Tokyo,35.68,139.69
Madrid,40.42,-3.70
Lisbon,38.72,-9.14
Rome,41.90,12.50
Vienna,48.21,16.37
Warsaw,52.23,21.01
Stockholm,59.33,18.07
Oslo,59.91,10.75
Helsinki,60.17,24.94
Copenhagen,55.68,12.57
Dublin,53.35,-6.26
Edinburgh,55.95,-3.19
Brussels,50.85,4.35
Amsterdam,52.37,4.90
Prague,50.08,14.44
Budapest,47.50,19.04
Bucharest,44.43,26.10
Sofia,42.70,23.32
Athens,37.98,23.73
Belgrade,44.79,20.45
Istanbul,41.01,28.98
Ankara,39.93,32.86
Kiev,50.45,30.52
Minsk,53.90,27.57
Riga,56.95,24.11
Tallinn,59.44,24.75
Königsberg,54.71,20.51
Danzig,54.35,18.65
Stettin,53.43,14.55
Breslau,51.11,17.03
Leningrad,59.93,30.34
Stalingrad,48.71,44.51
Rostov,47.24,39.71
Sevastopol,44.62,33.53
Odessa,46.48,30.72
Kazan,55.80,49.11
Sverdlovsk,56.84,60.60
Novosibirsk,55.03,82.92
Omsk,54.99,73.37
Krasnoyarsk,56.01,92.87
Irkutsk,52.29,104.28
Yakutsk,62.03,129.73
Vladivostok,43.12,131.89
Khabarovsk,48.48,135.08
Magadan,59.56,150.80
Murmansk,68.97,33.07
Arkhangelsk,64.54,40.54
Tbilisi,41.72,44.79
Baku,40.41,49.87
Tehran,35.69,51.39
Baghdad,33.31,44.37
Damascus,33.51,36.29
Beirut,33.89,35.50
Jerusalem,31.77,35.21
Riyadh,24.71,46.68
Mecca,21.39,39.86
Aden,12.79,45.02
Muscat,23.59,58.41
Kabul,34.53,69.17
Tashkent,41.30,69.24
Alma-Ata,43.24,76.89
Karachi,24.86,67.01
Lahore,31.55,74.34
Delhi,28.61,77.21
Bombay,19.08,72.88
Calcutta,22.57,88.36
Madras,13.08,80.27
Colombo,6.93,79.86
Dacca,23.81,90.41
Rangoon,16.87,96.20
Bangkok,13.76,100.50
Hanoi,21.03,105.85
Saigon,10.82,106.63
Singapore,1.35,103.82
Batavia,-6.21,106.85
Manila,14.60,120.98
Hong Kong,22.32,114.17
Shanghai,31.23,121.47
Peking,39.90,116.41
Nanking,32.06,118.80
Chungking,29.56,106.55
Canton,23.13,113.26
Urumqi,43.83,87.62
Lhasa,29.65,91.14
Ulan Bator,47.89,106.91
Harbin,45.80,126.53
Mukden,41.81,123.43
Seoul,37.57,126.98
Pyongyang,39.04,125.76
Osaka,34.69,135.50
Sapporo,43.06,141.35
Taipei,25.03,121.57
Cairo,30.04,31.24
Alexandria,31.20,29.92
Tripoli,32.89,13.19
Tunis,36.81,10.18
Algiers,36.75,3.06
Casablanca,33.57,-7.59
Dakar,14.72,-17.47
Lagos,6.52,3.38
Accra,5.60,-0.19
Kinshasa,-4.44,15.27
Léopoldville,-4.44,15.27
Luanda,-8.84,13.23
Nairobi,-1.29,36.82
Addis Ababa,9.03,38.74
Mogadishu,2.05,45.32
Khartoum,15.50,32.56
Dar es Salaam,-6.79,39.21
Johannesburg,-26.20,28.05
Cape Town,-33.92,18.42
Durban,-29.86,31.03
Tananarive,-18.88,47.51
Salisbury,-17.83,31.05
Washington,38.91,-77.04
New York,40.71,-74.01
Chicago,41.88,-87.63
Los Angeles,34.05,-118.24
San Francisco,37.77,-122.42
Seattle,47.61,-122.33
Houston,29.76,-95.37
Miami,25.76,-80.19
Denver,39.74,-104.99
Anchorage,61.22,-149.90
Honolulu,21.31,-157.86
Ottawa,45.42,-75.70
Montreal,45.50,-73.57
Toronto,43.65,-79.38
Vancouver,49.28,-123.12
Winnipeg,49.90,-97.14
Mexico City,19.43,-99.13
Havana,23.11,-82.37
Panama City,8.98,-79.52
Bogotá,4.71,-74.07
Caracas,10.49,-66.88
Lima,-12.05,-77.04
Quito,-0.18,-78.47
La Paz,-16.49,-68.12
Santiago,-33.45,-70.67
Buenos Aires,-34.60,-58.38
Montevideo,-34.90,-56.16
Asunción,-25.26,-57.58
Rio de Janeiro,-22.91,-43.17
São Paulo,-23.55,-46.63
Manaus,-3.12,-60.02
Recife,-8.05,-34.88
Sydney,-33.87,151.21
Melbourne,-37.81,144.96
Perth,-31.95,115.86
Brisbane,-27.47,153.03
Darwin,-12.46,130.84
Adelaide,-34.93,138.60
Auckland,-36.85,174.76
Wellington,-41.29,174.78
Port Moresby,-9.44,147.18
Reykjavik,64.15,-21.94
Godthaab,64.18,-51.69
