key,id
new:transnistria,1082
new:turks_and_caicos,1083
new:lesotho,1084
new:eswatini,1085
new:aksai_chin,1086
new:ceuta,1087
new:melilla,1088
new:andorra,1089
new:gurdaspur,1090
new:west_bank,1091
new:gaza,1092
new:nakhchivan,1093
new:halaib,1094
new:adm_alb_central_albania,1095
new:adm_aus_burgenland,1096
new:adm_bos_republika_srpska,1097
new:adm_bul_northwest,1098
new:adm_bul_southeast,1099
new:adm_cro_northwest_croatia,1100
new:adm_gre_central_greece,1101
new:adm_gre_ionian_islands,1102
new:adm_gre_thessalia,1103
new:adm_gre_west_greece,1104
new:adm_gre_west_macedonia,1105
new:adm_hun_northern_hungary,1106
new:adm_hun_western_transdanubia,1107
new:adm_ita_basilicata,1108
new:adm_mac_vardar,1109
new:adm_mol_northern_moldova,1110
new:adm_mol_southern_moldova,1111
new:adm_rom_sud_muntenia,1112
new:adm_ser_sumadija_and_western_serbia,1113
new:adm_slo_banska_bystrica,1114
new:adm_slo_kosice,1115
new:adm_sov_karachay_cherkess_republic,1116
new:adm_sov_republic_of_adygea,1117
new:adm_syr_al_hasakah,1118
new:adm_syr_deir_ez_zor,1119
new:adm_syr_hama,1120
new:adm_syr_homs,1121
new:adm_syr_idlib,1122
new:adm_syr_latakia,1123
new:adm_syr_tartus,1124
new:adm_tur_west_marmara,1125
new:adm_ukr_sevastopol,1126
new:adm_jap_aomori_prefecture,1127
new:adm_jap_chiba_prefecture,1128
new:adm_jap_fukui_prefecture,1129
new:adm_jap_fukushima_prefecture,1130
new:adm_jap_gifu_prefecture,1131
new:adm_jap_gunma_prefecture,1132
new:adm_jap_hyogo_prefecture,1133
new:adm_jap_ibaraki_prefecture,1134
new:adm_jap_iwate_prefecture,1135
new:adm_jap_kagawa_prefecture,1136
new:adm_jap_kanagawa_prefecture,1137
new:adm_jap_kochi_prefecture,1138
new:adm_jap_kumamoto_prefecture,1139
new:adm_jap_kyoto_prefecture,1140
new:adm_jap_mie_prefecture,1141
new:adm_jap_miyazaki_prefecture,1142
new:adm_jap_nagano_prefecture,1143
new:adm_jap_nagasaki_prefecture,1144
new:adm_jap_nara_prefecture,1145
new:adm_jap_oita_prefecture,1146
new:adm_jap_okayama_prefecture,1147
new:adm_jap_saga_prefecture,1148
new:adm_jap_saitama_prefecture,1149
new:adm_jap_shizuoka_prefecture,1150
new:adm_jap_tochigi_prefecture,1151
new:adm_jap_tokushima_prefecture,1152
new:adm_jap_tottori_prefecture,1153
new:adm_jap_toyama_prefecture,1154
new:adm_jap_wakayama_prefecture,1155
new:adm_jap_yamagata_prefecture,1156
new:adm_jap_yamaguchi_prefecture,1157
new:adm_jap_yamanashi_prefecture,1158
new:adm_kor_busan,1159
new:adm_kor_jeju,1160
new:adm_kor_north_chungcheong,1161
new:adm_kor_north_jeolla,1162
new:adm_kor_south_chungcheong,1163
new:adm_kor_south_gyeongsang,1164
new:adm_nrk_chagang,1165
new:adm_nrk_kangwon,1166
new:adm_nrk_north_hamgyong,1167
new:adm_nrk_north_hwanghae,1168
new:adm_nrk_north_pyongan,1169
new:adm_nrk_ryanggang,1170
new:adm_nrk_south_hwanghae,1171
new:adm_nrk_south_pyongan,1172
new:adm_prc_inner_mongolia,1173
new:adm_prc_tianjin,1174
new:adm_taw_hualien,1175
new:adm_taw_kaohsiung,1176
new:adm_taw_miaoli,1177
new:adm_taw_pingtung,1178
new:adm_taw_taichung_city,1179
new:adm_taw_tainan,1180
new:adm_taw_yilan,1181
new:adm_vin_northeast,1182
new:adm_vin_northwest,1183
new:adm_ang_bie,1184
new:adm_ang_cuanza_sul,1185
new:adm_ang_cunene,1186
new:adm_ang_huila,1187
new:adm_ang_lunda_norte,1188
new:adm_ang_lunda_sul,1189
new:adm_ang_malanje,1190
new:adm_ang_moxico,1191
new:adm_ang_namibe,1192
new:adm_ang_zaire,1193
new:adm_bot_central,1194
new:adm_brd_ruyigi,1195
new:adm_cog_bandundu,1196
new:adm_cog_kasai_oriental,1197
new:adm_cog_maniema,1198
new:adm_cog_south_kivu,1199
new:adm_eth_oromia,1200
new:adm_eth_somali,1201
new:adm_ken_eastern,1202
new:adm_mad_antananarivo,1203
new:adm_mad_antsiranana,1204
new:adm_mad_mahajanga,1205
new:adm_mad_toamasina,1206
new:adm_mlw_central,1207
new:adm_mlw_northern,1208
new:adm_mzb_cabo_delgado,1209
new:adm_mzb_inhambane,1210
new:adm_mzb_nampula,1211
new:adm_mzb_niassa,1212
new:adm_mzb_tete,1213
new:adm_nmb_erongo,1214
new:adm_nmb_hardap,1215
new:adm_rcg_likouala,1216
new:adm_rcg_niari,1217
new:adm_rcg_pool,1218
new:adm_rwa_southern,1219
new:adm_saf_eastern_cape,1220
new:adm_saf_free_state,1221
new:adm_saf_limpopo,1222
new:adm_saf_mpumalanga,1223
new:adm_saf_north_west,1224
new:adm_saf_northern_cape,1225
new:adm_som_bakool,1226
new:adm_som_bari,1227
new:adm_som_galguduud,1228
new:adm_som_gedo,1229
new:adm_som_lower_shebelle,1230
new:adm_som_mudug,1231
new:adm_sud_eastern_equatoria,1232
new:adm_sud_jonglei,1233
new:adm_sud_upper_nile,1234
new:adm_sud_warrap,1235
new:adm_sud_western_bahr_el_ghazal,1236
new:adm_tzn_central_zone,1237
new:adm_tzn_lake_zone,1238
new:adm_tzn_northern_zone,1239
new:adm_tzn_southern_highlands,1240
new:adm_tzn_southern_zone,1241
new:adm_tzn_western_zone,1242
new:adm_uga_central,1243
new:adm_uga_eastern,1244
new:adm_uga_northern,1245
new:adm_uga_orientale,1246
new:adm_zam_central,1247
new:adm_zam_eastern,1248
new:adm_zam_luapula,1249
new:adm_zam_muchinga,1250
new:adm_zam_southern,1251
new:adm_zam_western,1252
new:adm_zim_manicaland,1253
new:adm_zim_matabeleland_north,1254
new:adm_zim_matabeleland_south,1255
new:adm_afg_badghis,1256
new:adm_afg_baghlan,1257
new:adm_afg_bamyan,1258
new:adm_afg_farah,1259
new:adm_afg_ghazni,1260
new:adm_afg_ghor,1261
new:adm_afg_helmand,1262
new:adm_afg_kunar,1263
new:adm_afg_kunduz,1264
new:adm_afg_maidan_wardak,1265
new:adm_afg_paktia,1266
new:adm_afg_paktika,1267
new:adm_afg_sar_e_pol,1268
new:adm_afg_urozgan,1269
new:adm_azr_aran_economic_region,1270
new:adm_azr_ganja_gazakh_economic_region,1271
new:adm_azr_guba_khachmaz_economic_region,1272
new:adm_azr_lankaran_economic_region,1273
new:adm_azr_shaki_zaqatala_economic_region,1274
new:adm_azr_yukhari_garabakh_economic_region,1275
new:adm_egy_delta,1276
new:adm_egy_north_upper_egypt,1277
new:adm_eri_debub,1278
new:adm_eri_gash_barka,1279
new:adm_eri_northern_red_sea,1280
new:adm_eri_southern_red_sea,1281
new:adm_irq_al_qadisiyyah,1282
new:adm_irq_babylon,1283
new:adm_irq_erbil,1284
new:adm_irq_kirkuk,1285
new:adm_irq_maysan,1286
new:adm_irq_najaf,1287
new:adm_irq_saladin,1288
new:adm_irq_sulaymaniyah,1289
new:adm_irq_wasit,1290
new:adm_isr_haifa,1291
new:adm_isr_northern,1292
new:adm_isr_southern,1293
new:adm_isr_suez_canal,1294
new:adm_isr_west_bank,1295
new:adm_jor_aqaba,1296
new:adm_jor_irbid,1297
new:adm_jor_karak,1298
new:adm_jor_ma_an,1299
new:adm_jor_mafraq,1300
new:adm_kuw_basra,1301
new:adm_leb_north,1302
new:adm_leb_south,1303
new:adm_oma_al_batinah_north,1304
new:adm_oma_ash_sharqiyah,1305
new:adm_pak_azad_kashmir,1306
new:adm_per_ardabil,1307
new:adm_per_bushehr,1308
new:adm_per_gilan,1309
new:adm_per_golestan,1310
new:adm_per_hamadan,1311
new:adm_per_hormozgan,1312
new:adm_per_ilam,1313
new:adm_per_kermanshah,1314
new:adm_per_kohgiluyeh_and_boyer_ahmad,1315
new:adm_per_mazandaran,1316
new:adm_per_qazvin,1317
new:adm_per_zanjan,1318
new:adm_sau_al_anbar,1319
new:adm_sau_al_jowf,1320
new:adm_sau_al_qassim,1321
new:adm_sau_asir,1322
new:adm_sau_jazan,1323
new:adm_sud_blue_nile,1324
new:adm_sud_east_darfur,1325
new:adm_sud_kassala,1326
new:adm_sud_north_darfur,1327
new:adm_sud_north_kordofan,1328
new:adm_sud_northern_bahr_el_ghazal,1329
new:adm_sud_river_nile,1330
new:adm_sud_sennar,1331
new:adm_syr_as_suwayda,1332
new:adm_syr_daraa,1333
new:adm_taj_districts_of_republican_subordination,1334
new:adm_taj_khatlon,1335
new:adm_taj_khujand,1336
new:adm_tms_balkan,1337
new:adm_tms_lebap,1338
new:adm_tms_mary,1339
new:adm_tur_east_black_sea,1340
new:adm_uae_emirate_of_abu_dhabi,1341
new:adm_uzb_fergana,1342
new:adm_uzb_qashqadaryo,1343
new:adm_uzb_samarqand,1344
new:adm_uzb_turkistan,1345
new:adm_yem_abyan,1346
new:adm_yem_al_bayda,1347
new:adm_yem_hadhramaut,1348
new:adm_yem_sanaa,1349
new:adm_yem_ta_izz,1350
new:adm_can_nunavut,1351
new:adm_col_bolivar,1352
new:adm_col_choco,1353
new:adm_col_cordoba,1354
new:adm_col_la_guajira,1355
new:adm_col_magdalena,1356
new:adm_col_norte_de_santander,1357
new:adm_cos_alajuela,1358
new:adm_cub_camaguey,1359
new:adm_cub_ciego_de_avila,1360
new:adm_cub_granma,1361
new:adm_cub_guantanamo,1362
new:adm_cub_holguin,1363
new:adm_cub_las_tunas,1364
new:adm_cub_matanzas,1365
new:adm_cub_pinar_del_rio,1366
new:adm_cub_villa_clara,1367
new:adm_dom_puerto_plata,1368
new:adm_fra_martinique,1369
new:adm_gua_izabal,1370
new:adm_gua_peten,1371
new:adm_gua_quiche,1372
new:adm_hai_artibonite,1373
new:adm_hai_sud,1374
new:adm_hon_francisco_morazan,1375
new:adm_mex_baja_california_sur,1376
new:adm_mex_california,1377
new:adm_mex_campeche,1378
new:adm_mex_coahuila,1379
new:adm_mex_guanajuato,1380
new:adm_mex_guerrero,1381
new:adm_mex_hidalgo,1382
new:adm_mex_nayarit,1383
new:adm_mex_puebla,1384
new:adm_mex_quintana_roo,1385
new:adm_mex_san_luis_potosi,1386
new:adm_mex_sinaloa,1387
new:adm_mex_tabasco,1388
new:adm_mex_texas,1389
new:adm_mex_zacatecas,1390
new:adm_nic_jinotega,1391
new:adm_nic_south_caribbean_coast,1392
new:adm_pan_chiriqui,1393
new:adm_pan_veraguas,1394
new:adm_usa_connecticut,1395
new:adm_usa_delaware,1396
new:adm_usa_maine,1397
new:adm_usa_new_hampshire,1398
new:adm_usa_vermont,1399
new:adm_ven_anzoategui,1400
new:adm_ven_apure,1401
new:adm_ven_barinas,1402
new:adm_ven_delta_amacuro,1403
new:adm_ven_falcon,1404
new:adm_ven_guarico_state,1405
new:adm_ven_lara,1406
new:adm_ven_monagas,1407
new:adm_ven_sucre,1408
new:adm_ven_tachira,1409
new:adm_ven_trujillo,1410
new:adm_ven_zulia,1411
new:adm_alg_grand_sud,1412
new:adm_alg_hauts_plateaux_ouest,1413
new:adm_alg_sud_ouest,1414
new:adm_car_bamingui_bangoran_prefecture,1415
new:adm_car_ombella_m_poko_prefecture,1416
new:adm_car_ouaka_prefecture,1417
new:adm_car_ouham_prefecture,1418
new:adm_cha_bahr_el_gazel,1419
new:adm_cha_batha,1420
new:adm_cha_chari_baguirmi,1421
new:adm_cha_guera,1422
new:adm_cha_kanem,1423
new:adm_cha_mandoul,1424
new:adm_cha_moyen_chari,1425
new:adm_cha_ouaddai,1426
new:adm_cha_salamat,1427
new:adm_cmr_adamawa,1428
new:adm_cmr_centre,1429
new:adm_cmr_east,1430
new:adm_cmr_far_north,1431
new:adm_cmr_littoral,1432
new:adm_cmr_north,1433
new:adm_dah_borgou,1434
new:adm_dah_collines,1435
new:adm_eqg_litoral,1436
new:adm_gam_kolda,1437
new:adm_gha_brong_ahafo,1438
new:adm_gha_greater_accra,1439
new:adm_gha_volta,1440
new:adm_gha_western,1441
new:adm_gha_zanzan,1442
new:adm_gna_boke,1443
new:adm_gna_kankan,1444
new:adm_gna_labe,1445
new:adm_gna_nzerekore,1446
new:adm_ivo_bas_sassandra,1447
new:adm_ivo_dix_huit_montagnes,1448
new:adm_ivo_n_zi_comoe,1449
new:adm_ivo_vallee_du_bandama,1450
new:adm_ivo_worodougou,1451
new:adm_mli_kayes,1452
new:adm_mli_mopti,1453
new:adm_mli_sahel,1454
new:adm_mli_segou,1455
new:adm_mor_doukkala_abda,1456
new:adm_mor_fes_meknas_boulmane,1457
new:adm_mor_gharb_chrarda_beni_hssen,1458
new:adm_mor_guelmim_es_semara,1459
new:adm_mor_marrakesh_tensift_el_haouz,1460
new:adm_mor_meknes_tafilalet,1461
new:adm_mor_oriental,1462
new:adm_mor_rabat_sale_zemmour_zaer,1463
new:adm_mor_tadla_azilal,1464
new:adm_mor_taza_al_hoceima_taounate,1465
new:adm_mrt_hodh_ech_chargui,1466
new:adm_mrt_hodh_el_gharbi,1467
new:adm_mrt_tiris_zemmour,1468
new:adm_nga_bauchi_state,1469
new:adm_nga_benue_state,1470
new:adm_nga_borno_state,1471
new:adm_nga_edo_state,1472
new:adm_nga_kano_state,1473
new:adm_nga_katsina_state,1474
new:adm_nga_nasarawa_state,1475
new:adm_nga_ogun_state,1476
new:adm_nga_oyo_state,1477
new:adm_nga_plateau_state,1478
new:adm_ngr_agadez,1479
new:adm_ngr_diffa,1480
new:adm_ngr_tahoua,1481
new:adm_sen_fatick,1482
new:adm_sen_louga,1483
new:adm_sen_tambacounda,1484
new:adm_sen_ziguinchor,1485
new:adm_sie_southern,1486
new:adm_tog_centre,1487
new:adm_tog_plateaux,1488
new:adm_tun_sud_ouest,1489
new:adm_vol_cascades,1490
new:adm_vol_hauts_bassins,1491
new:adm_vol_kara,1492
new:adm_vol_northern,1493
new:adm_vol_savanes,1494
new:adm_blr_mahiliou,1495
new:adm_cze_olomouc,1496
new:adm_cze_vysocina,1497
new:adm_cze_zlin,1498
new:adm_lit_alytus,1499
new:adm_lit_siauliai,1500
new:adm_lit_telsiai,1501
new:adm_lit_utena,1502
new:adm_pol_podkarpackie_voivodeship,1503
new:adm_pol_pomeranian_voivodeship,1504
new:adm_slo_trencin,1505
new:adm_slo_trnava,1506
new:adm_slo_zilina,1507
new:adm_sov_kostroma,1508
new:adm_swe_jonkoping,1509
new:adm_swe_kalmar,1510
new:adm_swe_nordland,1511
new:adm_swe_orebro,1512
new:adm_swe_sodermanland,1513
new:adm_swe_uppsala,1514
new:adm_swe_vasternorrland,1515
new:adm_swe_vastmanland,1516
new:adm_ukr_cherkasy,1517
new:adm_ukr_rivne,1518
new:adm_ukr_ternopil,1519
new:adm_geo_adjara,1520
new:adm_geo_imereti,1521
new:adm_geo_kakheti,1522
new:adm_geo_kvemo_kartli,1523
new:adm_geo_racha_lechkhumi_and_kvemo_svaneti,1524
new:adm_geo_samtskhejavakheti,1525
new:adm_geo_shida_kartli,1526
new:adm_kaz_chelyabinsk,1527
new:adm_kaz_jambyl,1528
new:adm_kaz_karaganda,1529
new:adm_kaz_kurgan,1530
new:adm_kaz_kyzylorda,1531
new:adm_kaz_north_kazakhstan,1532
new:adm_kyr_batken,1533
new:adm_kyr_chuy,1534
new:adm_kyr_issyk_kul,1535
new:adm_kyr_jalal_abad,1536
new:adm_kyr_naryn,1537
new:adm_mon_inner_mongolia,1538
new:adm_mon_khangai,1539
new:adm_prc_beijing,1540
new:adm_prc_ryanggang,1541
new:adm_prc_zabaykalsky_krai,1542
new:adm_sov_ivanovo,1543
new:adm_sov_jewish,1544
new:adm_sov_khangai,1545
new:adm_sov_kurgan,1546
new:adm_sov_perm_krai,1547
new:adm_sov_republic_of_khakassia,1548
new:adm_sov_republic_of_mordovia,1549
new:adm_uzb_mangystau,1550
new:adm_arg_catamarca,1551
new:adm_arg_corrientes,1552
new:adm_arg_jujuy,1553
new:adm_arg_la_pampa,1554
new:adm_arg_misiones,1555
new:adm_arg_neuquen,1556
new:adm_arg_san_juan,1557
new:adm_arg_san_luis,1558
new:adm_arg_santa_cruz,1559
new:adm_arg_santiago_del_estero,1560
new:adm_bol_beni,1561
new:adm_bol_chuquisaca,1562
new:adm_bol_cochabamba,1563
new:adm_bol_oruro,1564
new:adm_bol_potosi,1565
new:adm_bol_tarija,1566
new:adm_bra_alagoas,1567
new:adm_bra_paraiba,1568
new:adm_bra_sergipe,1569
new:adm_chl_bio_bio,1570
new:adm_chl_biobio,1571
new:adm_chl_coquimbo,1572
new:adm_chl_los_lagos,1573
new:adm_chl_maule,1574
new:adm_chl_valparaiso,1575
new:adm_col_amazonas,1576
new:adm_col_boyaca,1577
new:adm_col_caqueta,1578
new:adm_col_casanare,1579
new:adm_col_cauca,1580
new:adm_col_narino,1581
new:adm_col_tolima,1582
new:adm_ecu_el_oro,1583
new:adm_ecu_esmeraldas,1584
new:adm_ecu_tungurahua,1585
new:adm_par_corrientes,1586
new:adm_par_itapua,1587
new:adm_par_mato_grosso_do_sul,1588
new:adm_pru_amazonas,1589
new:adm_pru_ancash,1590
new:adm_pru_apurimac,1591
new:adm_pru_cajamarca,1592
new:adm_pru_huanuco,1593
new:adm_pru_ica,1594
new:adm_pru_junin,1595
new:adm_pru_madre_de_dios,1596
new:adm_pru_piura,1597
new:adm_pru_puno,1598
new:adm_pru_ucayali,1599
new:adm_urg_soriano,1600
new:adm_ven_amazonas,1601
new:adm_ban_barisal,1602
new:adm_ban_chattogram,1603
new:adm_ban_khulna,1604
new:adm_ban_rajshahi,1605
new:adm_ban_rangpur,1606
new:adm_brm_bago,1607
new:adm_brm_chin_state,1608
new:adm_brm_kayah_state,1609
new:adm_brm_kayin_state,1610
new:adm_brm_mon_state,1611
new:adm_brm_sagaing,1612
new:adm_nep_bagmati_zone,1613
new:adm_nep_bheri_zone,1614
new:adm_nep_karnali_zone,1615
new:adm_nep_rapti_zone,1616
new:adm_nep_sagarmatha_zone,1617
new:adm_raj_kerala,1618
new:adm_raj_maharashtra,1619
new:adm_raj_manipur,1620
new:adm_raj_meghalaya,1621
new:adm_raj_mizoram,1622
new:adm_raj_punjab,1623
new:adm_raj_tripura,1624
new:adm_srl_dakunu_palata,1625
new:adm_srl_uva_palata,1626
new:adm_cam_coastal,1627
new:adm_cam_plateau_and_mountain,1628
new:adm_fsm_yap_state,1629
new:adm_ins_bengkulu,1630
new:adm_ins_central_java,1631
new:adm_ins_east_nusa_tenggara,1632
new:adm_ins_jambi,1633
new:adm_ins_jawa_barat,1634
new:adm_ins_lampung,1635
new:adm_ins_north_maluku,1636
new:adm_ins_north_sulawesi,1637
new:adm_ins_south_kalimantan,1638
new:adm_ins_southeast_sulawesi,1639
new:adm_ins_sulawesi_selatan,1640
new:adm_ins_sulawesi_utara,1641
new:adm_ins_west_sumatra,1642
new:adm_ins_yogyakarta,1643
new:adm_kir_tuvalu,1644
new:adm_lao_northeastern,1645
new:adm_mal_negeri_sembilan,1646
new:adm_mal_terengganu,1647
new:adm_nzl_bay_of_plenty,1648
new:adm_nzl_hawke_s_bay,1649
new:adm_nzl_manawatu_whanganui,1650
new:adm_nzl_northland,1651
new:adm_nzl_southland,1652
new:adm_nzl_waikato,1653
new:adm_nzl_west_coast,1654
new:adm_phi_autonomous_region_in_muslim_mindanao_arm,1655
new:adm_phi_cordillera_administrative_region_car,1656
new:adm_phi_dinagat_islands_region_xiii,1657
new:adm_phi_ilocos_region_i,1658
new:adm_phi_mimaropa_region_iv_b,1659
new:adm_phi_northern_mindanao_region_x,1660
new:adm_phi_western_visayas_region_vi,1661
new:adm_png_east_new_britain,1662
new:adm_png_east_sepik,1663
new:adm_png_eastern_highlands,1664
new:adm_png_gulf,1665
new:adm_png_madang,1666
new:adm_png_milne_bay,1667
new:adm_png_morobe,1668
new:adm_png_new_ireland,1669
new:adm_png_oro,1670
new:adm_png_southern_highlands,1671
new:adm_sol_rennell_and_bellona,1672
new:adm_sol_western,1673
new:adm_tuv_western,1674
new:adm_vin_central_highlands,1675
new:adm_vin_mekong_delta,1676
new:adm_alg_hauts_plateaux_est,1677
new:adm_alg_nord_ouest,1678
new:adm_aus_carinthia,1679
new:adm_aus_salzburg,1680
new:adm_bel_east_flanders,1681
new:adm_bel_limburg,1682
new:adm_bel_luxembourg,1683
new:adm_bel_namur,1684
new:adm_bel_west_flanders,1685
new:adm_cze_hradec_kralove,1686
new:adm_cze_karlovy_vary,1687
new:adm_cze_liberec,1688
new:adm_cze_pardubice,1689
new:adm_cze_plzen,1690
new:adm_den_north_denmark,1691
new:adm_den_zealand,1692
new:adm_eng_east_wales,1693
new:adm_fra_haute_normandie,1694
new:adm_fra_limousin,1695
new:adm_fra_lorraine,1696
new:adm_ger_saarland,1697
new:adm_ger_saxony_anhalt,1698
new:adm_ger_schleswig_holstein,1699
new:adm_hol_drenthe,1700
new:adm_hol_friesland,1701
new:adm_hol_groningen,1702
new:adm_hol_limburg,1703
new:adm_hol_overijssel,1704
new:adm_hol_south_holland,1705
new:adm_hol_utrecht,1706
new:adm_hol_zeeland,1707
new:adm_ice_northeastern,1708
new:adm_ire_border,1709
new:adm_ire_mid_east,1710
new:adm_ire_mid_west,1711
new:adm_ire_midlands,1712
new:adm_ire_south_east,1713
new:adm_ita_abruzzo,1714
new:adm_ita_friuli_venezia_giulia,1715
new:adm_ita_liguria,1716
new:adm_ita_molise,1717
new:adm_ita_umbria,1718
new:adm_nor_akershus,1719
new:adm_nor_aust_agder,1720
new:adm_nor_buskerud,1721
new:adm_nor_mre_og_romsdal,1722
new:adm_nor_nord_trndelag,1723
new:adm_nor_oppland,1724
new:adm_nor_rogaland,1725
new:adm_nor_sogn_og_fjordane,1726
new:adm_nor_stfold,1727
new:adm_nor_vestfold,1728
new:adm_spr_cantabria,1729
new:adm_spr_la_rioja,1730
new:adm_swe_blekinge,1731
new:adm_swe_halland,1732
new:adm_swi_bern,1733
new:adm_swi_st_gallen,1734
new:adm_swi_vaud,1735
new:adm_tun_centre_est,1736
new:adm_tun_centre_ouest,1737
new:adm_tun_nord_est,1738
new:adm_tun_nord_ouest,1739
