tag,population,notes
USA,285300000,2000 census incl. Puerto Rico & territories
CAN,30700000,
MEX,97500000,2000 census
GUA,11200000,
HON,6200000,
ELS,5900000,
NIC,5100000,
COS,3900000,
PAN,2900000,
CUB,11200000,
HAI,8300000,
DOM,8400000,
JAM,2600000,
BRA,171000000,
ARG,36900000,
COL,40300000,
PRU,25900000,
VEN,24200000,
CHL,15200000,
ECU,12300000,
BOL,8300000,
PAR,5300000,
URG,3300000,
ENG,59000000,UK incl. dependencies
IRE,3790000,
FRA,60500000,metropolitan + overseas
GER,82200000,
HOL,16100000,incl. Caribbean
BEL,10250000,
LUX,436000,
SWI,7160000,
AUS,8010000,
ITA,57700000,
SPR,40500000,
POR,10270000,
DEN,5400000,incl. Greenland & Faroe
NOR,4480000,
SWE,8860000,
FIN,5170000,
ICE,279000,
POL,38650000,
CZE,10270000,
SLO,5400000,
HUN,10200000,
ROM,22450000,
BUL,8190000,
GRE,10900000,
ALB,3070000,
SER,10000000,FR Yugoslavia
CRO,4440000,
BOS,3780000,
SLV,2000000,
MAC,2030000,
MOL,4280000,incl. Transnistria
UKR,49400000,
BLR,10010000,
LIT,3500000,
LAT,2380000,
EST,1370000,
SOV,146300000,Russian Federation
GEO,4700000,
ARM,3100000,
AZR,8050000,
KAZ,14900000,
UZB,24700000,
TMS,4500000,
KYR,4900000,
TAJ,6200000,
TUR,67100000,
PER,64000000,Iran
IRQ,23500000,
SYR,16300000,
JOR,4800000,
ISR,9300000,Israel 6.3M + West Bank ~1.9M + Gaza ~1.1M (all ISR-owned in 2000)
LEB,3800000,UN WPP
SAU,20500000,
YEM,17700000,
OMA,2400000,
UAE,3000000,
KUW,2200000,
QAT,600000,
AFG,21000000,
PAK,138000000,
RAJ,1017000000,India
BAN,128000000,
SRL,19200000,
NEP,22400000,
PRC,1268000000,mainland incl. HK & Macau
TAW,22100000,
JAP,127000000,
KOR,47000000,
NRK,22700000,
MON,2400000,
VIN,77600000,
SIA,62000000,
BRM,46000000,
CAM,12000000,
LAO,5200000,
MAL,23400000,incl. Brunei placeholder
INS,206000000,
PHI,76000000,
AST,19200000,
NZL,3870000,
PNG,5200000,
EGY,64500000,interpolated between 1996 (59.3M) and 2006 (72.8M) censuses
LBA,5200000,
TUN,9550000,
ALG,30500000,
MOR,29100000,incl. Western Sahara
NGA,123000000,
ETH,66000000,
COG,49000000,DR Congo
SAF,44000000,
SUD,31000000,
TZN,34000000,
KEN,31000000,
UGA,23800000,
